client_id,first_name,last_name,age,city,state,zip_code,risk_profile,client_tier,primary_account_type,initial_aum,client_since,advisor_id,is_active
1,Cassie,Shelton,61,Nathanland,PA,75726,Moderately Aggressive,HNW,529,3070489.71,2016-02-07,22,True
2,Michael,Edwards,37,Johnville,FL,3897,Moderately Aggressive,Retail,Taxable,492239.64,2020-11-18,25,0
3,Victor,Hughes,38,West Kimberlymouth,Florida,28625,Moderately Conservative,HNW,IRA,2520678.81,2022-12-20,7,True
4,Justin,Hendricks,55,Gonzalezberg,TX,10207,Moderately Aggressive,HNW,Taxable,1067836.99,2018-08-13,22,True
5,Rachel,Wallace,80,Port Evelynmouth,MA,88036,Balanced,HNW,IRA,2459269.6,2017-10-11,20,True
6,Calvin,Daniels,74,Melissaburgh,IL,47882,Conservative,HNW,Taxable,1660488.62,2019-01-26,3,True
7,David,Harris,53,East Kristy,PA,3946,Moderately Aggressive,HNW,529,2246446.19,2017-11-20,11,0
8,Ashley,Mcdonald,61,New Nicole,IL,9118,Conservative,Retail,Trust,435480.88,2017-06-22,1,True
9,Yvonne,Higgins,67,Hammondshire,VA,10167,Conservative,HNW,529,4039477.87,01/02/2016,17,True
10,Logan,Jones,35,Frazierstad,MI,17322,Balanced,HNW,Trust,4017585.47,2022-01-08,5,True
11,Kimberly,Bowman,65,Port Tammy,NC,57205,Moderately Aggressive,HNW,529,1166898.84,2019-01-08,25,True
12,Miranda,Guerra,34,West Fred,NC,42792,Aggressive,HNW,Taxable,4841742.49,2022-06-23,19,True
13,Jeremiah,Meza,78,Meghanview,WA,26230,Conservative,HNW,Roth IRA,4007951.14,2020-01-30,18,False
14,Andrea,Martinez,54,Christinaland,Pennsylvania,66374,Moderately Conservative,HNW,Roth IRA,4460611.03,2020-02-16,13,True
15,Brittany,Carpenter,64,Lake Claudia,FL,79817,Moderately Conservative,Retail,529,344654.45,2017-09-13,16,yes
16,Sandra,Williams,45,North Brandonshire,CT,35189,Aggressive,Retail,Trust,66859.55,2020-03-16,5,False
17,Katie,Butler,71,South Pamelaside,PA,38468,Moderately Aggressive,HNW,Trust,3282100.2,2020-02-19,2,True
18,Kevin,Sanchez,49,Evansland,NY,90758,Balanced,Retail,IRA,228106.73,2015-06-25,2,True
19,Scott,Washington,45,West Catherine,MD,41471,Moderately Conservative,HNW,Roth IRA,3855874.19,2021-11-21,1,False
20,Luis,Travis,78,Theresaberg,MD,49068,Conservative,Retail,Roth IRA,202039.74,2019-02-13,10,True
21,Daniel,Allen,59,West Shannonberg,NJ,13190,Conservative,HNW,Taxable,1761559.94,2015-05-28,8,True
22,Sonia,Lin,75,Wrightburgh,NJ,43418,Aggressive,HNW,Trust,1104734.84,2022-06-20,25,True
23,Jennifer,Lee,45,South Wendy,AZ,61687,Balanced,Retail,Trust,421620.5,2018-12-27,20,True
24,Kyle,Johnson,40,Wagnerbury,NJ,28700,Aggressive,Retail,Trust,340499.67,2019-08-31,7,0
25,Brandon,Campbell,54,Mitchelltown,NJ,14590,Moderately Conservative,HNW,Trust,4610447.62,2018-06-12,25,True
26,Nicole,Luna,51,Diazfurt,NY,7206,Moderately Aggressive,HNW,Taxable,2824256.38,2019-07-24,17,True
27,James,Tran,32,South Williamside,NJ,37164,,UHNW,Roth IRA,40617067.64,2021-08-07,23,True
28,Cindy,Carr,36,North Phillip,MA,44945,Moderately Aggressive,HNW,529,2780578.74,2019-06-18,19,True
29,Michael,Thomas,40,Porterton,PA,5601,Aggressive,Retail,IRA,63026.67,2016-02-05,2,True
30,Mason,Wells,57,Hernandezhaven,VA,18822,Conservative,HNW,Taxable,1622706.18,2017-08-15,12,True
31,Christie,Martin,45,Brittneyhaven,Delaware,67310,Moderately Conservative,HNW,Roth IRA,3670852.75,2019-04-04,15,True
32,Jeanne,Evans,68,West Markville,FL,55097,Moderately Conservative,Retail,Taxable,277306.87,2019-09-01,22,True
33,Laura,Swanson,51,New Thomasshire,MD,76212,Conservative,Retail,Trust,63753.44,10/26/2016,20,True
34,Brett,Castillo,58,Hernandezbury,MD,4639,Balanced,Retail,529,250746.54,2019-07-31,18,True
35,Jackie,Lee,38,Edwardsberg,CT,54628,Moderately Aggressive,HNW,Roth IRA,2073919.56,2020-07-09,24,True
36,Robert,Hampton,33,Salaston,PA,93008,Moderately Conservative,Retail,Roth IRA,423891.59,2016-02-08,1,False
37,Jared,Nguyen,38,Foxmouth,VA,23200,Balanced,Retail,529,223954.55,2018-09-04,25,True
38,Amanda,Payne,42,Chelseaborough,PA,32812,Moderately Conservative,Retail,IRA,484212.92,2017-03-25,22,True
39,Kenneth,David,69,Kellieborough,NY,90972,Conservative,Retail,Trust,143028.94,08/21/2020,17,True
40,Logan,Bailey,77,Keithshire,PA,89187,Balanced,Retail,Taxable,59023.56,2019-05-06,16,yes
41,Paula,Foster,69,Stephanieberg,NJ,38571,Conservative,HNW,IRA,4601819.47,2015-05-03,20,True
42,Stephanie,Miller,42,Douglasfort,CA,28548,Conservative,HNW,Roth IRA,4103891.64,2016-08-13,20,False
43,Amanda,Fitzpatrick,47,Derrickshire,NC,31864,Moderately Aggressive,Retail,Roth IRA,412288.51,2016-12-09,14,True
44,Elizabeth,Schmidt,50,North Craig,OH,43793,Moderately Conservative,HNW,Trust,4529673.39,2020-09-26,9,True
45,Craig,Townsend,47,New Tiffanyburgh,GA,53835,Balanced,Retail,529,148194.07,2020-03-22,20,True
46,Nicole,Alvarez,34,Port Tamara,TX,42597,Balanced,Retail,Taxable,228718.64,2017-04-13,17,True
47,Brian,Mack,51,New Joanne,PA,5389,Moderately Conservative,Retail,529,499743.22,2022-04-21,21,True
48,Gregory,Khan,46,North Wendy,NJ,52535,Aggressive,HNW,Roth IRA,3171976.44,2021-04-20,22,True
49,Jacob,Curry,32,Nancytown,Ohio,39611,Balanced,Retail,Roth IRA,98647.04,2019-07-18,9,True
50,Daniel,Bird,45,Shawnside,CA,69224,Moderately Conservative,Retail,Roth IRA,338267.64,2018-12-13,21,False
51,Sheena,Rosales,69,Nelsonville,TX,43844,Conservative,UHNW,Roth IRA,36999219.9,2016-04-19,7,True
52,Stephen,Scott,76,North Jill,PA,39170,Moderately Conservative,Retail,IRA,117468.18,2019-07-17,2,True
53,Katherine,Thompson,79,Wilcoxhaven,CA,43483,Moderately Aggressive,HNW,529,4124434.2,2015-09-11,13,True
54,Elizabeth,Lopez,71,South Marcus,NY,33013,Aggressive,Retail,IRA,347238.65,2015-01-20,24,True
55,Patrick,Griffin,59,Stephanieport,FL,76845,Balanced,HNW,Roth IRA,614548.72,2020-10-12,9,True
56,Alexander,Valdez,53,North Elizabeth,CT,61501,Aggressive,Retail,Trust,458110.2,2017-06-15,24,True
57,Richard,Shaw,73,Hannahport,FL,48675,,Retail,529,65893.55,2019-12-01,7,True
58,Jeffrey,Anderson,73,South Julie,TX,79896,Moderately Aggressive,HNW,IRA,2044251.72,2017-12-27,22,True
59,Jacqueline,Durham,78,Port John,CO,99426,Conservative,HNW,Trust,2905857.96,2019-10-07,22,True
60,Kristin,Fox,47,Christianshire,NJ,15208,Moderately Aggressive,UHNW,IRA,21132370.93,2015-06-30,22,True
61,Amy,Wagner,39,  EAST MARK  ,CT,68703,Balanced,Retail,Roth IRA,444422.65,2018-07-14,4,True
62,Erin,Love,75,Davishaven,FL,58891,Conservative,Retail,Roth IRA,261851.39,2021-06-20,24,True
63,Shawn,Palmer,76,Elliottside,NJ,61105,Balanced,UHNW,IRA,41375474.11,2020-05-19,22,True
64,Kyle,Johnson,69,Lisaborough,PA,76301,Aggressive,HNW,Taxable,4548160.21,2015-08-02,8,True
65,Rodney,Graves,75,North Valeriefort,PA,4660,Conservative,Retail,Roth IRA,209877.53,2017-04-18,14,True
66,Hector,Taylor,49,Brooksfurt,MA,59291,Balanced,Retail,Roth IRA,404640.7,2021-12-15,9,True
67,Rebecca,Bennett,57,Lake Michelle,CA,16050,Conservative,HNW,Taxable,3135068.13,2016-06-05,16,True
68,Amanda,Rice,68,Port Adam,IL,3480,Balanced,Retail,529,74154.63,2022-10-29,19,True
69,Steven,Ball,32,Patelbury,OH,32942,Balanced,HNW,Trust,4749354.43,2018-09-07,7,True
70,Eric,Lopez,71,North Lisachester,PA,81100,Moderately Conservative,Retail,Trust,275214.82,2021-02-15,17,True
71,Nicole,Smith,31,North Craig,WA,4901,Conservative,Retail,IRA,184260.09,2018-07-28,5,True
72,Emily,Brennan,49,Lake Bradley,WA,58036,Moderately Conservative,Retail,Trust,496556.53,2016-11-15,19,True
73,Jeff,Shields,57,East Williamport,PA,31193,Aggressive,Retail,IRA,451780.31,2021-07-10,11,False
74,Jessica,Flores,39,Joelberg,AZ,87036,Balanced,Retail,Taxable,438077.27,2019-03-03,16,True
75,Robert,Hill,39,Lake Erika,VA,73357,Balanced,Retail,Roth IRA,199683.25,2018-12-18,21,True
76,Teresa,David,56,Floydmouth,PA,91767,Moderately Conservative,Retail,Roth IRA,76106.11,2018-05-01,7,True
77,Edward,Bennett,38,Allenbury,CA,39919,Aggressive,Retail,529,392536.98,2021-11-09,25,True
78,Drew,Ford,78,New Robertchester,MD,73545,Moderately Aggressive,HNW,Taxable,1212958.03,2019-03-29,5,True
79,Paul,Scott,68,Deborahmouth,MA,49138,Aggressive,HNW,Trust,3265158.82,2015-09-28,13,True
80,Jenny,Lee,58,Nicholaston,TX,10040,Moderately Aggressive,Retail,Trust,243061.45,2016-07-03,1,True
81,Kathleen,Ramsey,40,South Jason,Washington,44143,Balanced,Retail,Roth IRA,66976.39,2017-06-04,1,True
82,Regina,Lewis,76,Lake David,TX,99372,Moderately Conservative,Retail,529,451402.88,2018-10-30,7,True
83,John,Munoz,28,South Rose,TX,72863,Aggressive,Retail,IRA,58062.26,2017-07-28,8,True
84,Justin,Owens,50,Kylestad,DE,67716,Moderately Aggressive,UHNW,Roth IRA,36208613.62,2022-01-22,5,True
85,Steven,Lang,60,Gillmouth,IL,27125,Moderately Aggressive,Retail,529,96218.7,2017-12-18,10,True
86,Robert,Hart,80,Lake Dustin,TX,34681,Moderately Aggressive,Retail,Taxable,125159.08,2019-06-05,10,True
87,Brandy,Cortez,57,Elijahmouth,DE,30650,Moderately Aggressive,HNW,529,4768085.19,2018-01-14,20,True
88,Martha,Porter,55,Jonathanfort,Pennsylvania,95339,Moderately Conservative,Retail,IRA,285852.94,2020-02-18,11,True
89,Tracy,Jackson,59,Garyside,CA,64505,Moderately Conservative,Retail,Roth IRA,498262.51,2016-06-21,25,True
90,Pamela,Mooney,79,New Arthurland,NY,88085,Moderately Conservative,Retail,Trust,134791.72,2015-05-22,1,True
91,Adam,Taylor,74,North Jasmine,TX,1699,Balanced,HNW,IRA,1527882.28,2016-09-30,7,True
92,Stephen,Brown,65,Hopkinstown,CT,1367,Balanced,Retail,529,380334.48,2019-04-04,6,True
93,Robert,Smith,73,Amandaport,NY,2747,Moderately Conservative,Retail,Taxable,105422.89,2019-01-06,13,True
94,Heidi,Jordan,44,North Samantha,NC,69233,,Retail,529,444444.86,2016-03-10,20,True
95,James,Fox,31,Josephfurt,CA,10858,Aggressive,HNW,Taxable,718641.33,2017-12-25,21,True
96,Richard,Cunningham,31,West Gabriella,PA,11067,Balanced,Retail,Taxable,426254.0,2020-03-24,14,True
97,Michele,Malone,35,South Nicholasside,WA,62891,Conservative,Retail,529,249941.43,2015-06-13,9,yes
98,Albert,Jackson,37,Brucemouth,PA,74668,Balanced,Retail,IRA,263478.35,2022-10-25,23,True
99,Terri,Jacobson,28,East Jasonshire,NY,62825,Moderately Aggressive,Retail,Roth IRA,358583.01,2017-03-02,14,True
100,Sandra,Cohen,70,Rachelshire,FL,86760,Moderately Aggressive,Retail,529,347749.06,2015-04-07,9,True
101,Sarah,Edwards,72,New Douglas,PA,93917,Conservative,Retail,IRA,330259.0,2021-07-25,14,True
102,Sarah,Evans,34,New Mary,NC,51508,Moderately Aggressive,Retail,529,423793.72,2020-05-31,24,yes
103,Amber,Reyes,46,Port Vanessa,NJ,95418,,Retail,Taxable,327964.08,2015-08-18,4,True
104,Julie,Reed,66,South Jesseland,NC,45143,Conservative,HNW,IRA,2739825.78,2019-11-03,25,True
105,Christina,Larson,61,Anthonyview,FL,59555,Moderately Aggressive,UHNW,IRA,16834726.2,2018-12-04,12,0
106,Michael,Pugh,46,Lopezshire,NJ,87096,Balanced,Retail,IRA,366546.54,2018-01-15,2,True
107,Kelsey,Phillips,41,Lake Charles,GA,35624,Moderately Conservative,HNW,Trust,2966624.44,2016-03-26,11,True
108,Jennifer,Walters,28,Stewartville,NJ,12496,Moderately Aggressive,HNW,Taxable,1555273.7,2015-01-16,4,True
109,Kyle,Ward,70,Curtisland,Pennsylvania,25062,,HNW,Trust,4258544.74,2018-06-12,5,True
110,Angela,Hunt,77,North Christopherside,PA,12699,Moderately Aggressive,Retail,529,477250.71,2019-10-10,3,True
111,Kristen,Shields,34,West Robertland,PA,95507,Conservative,Retail,Roth IRA,375603.63,2022-03-17,21,True
112,Rebecca,Spence,46,Lake Oscar,NC,18699,Moderately Conservative,HNW,Roth IRA,1540221.29,2017-02-24,15,True
113,Joseph,Thomas,80,South Joshua,VA,39790,Aggressive,Retail,IRA,72536.09,2018-11-15,2,True
114,Chase,King,51,Lake Colleen,DE,78332,Balanced,HNW,Roth IRA,4335119.09,2019-12-07,14,yes
115,Stephen,Taylor,34,South Martinfurt,MI,43694,Conservative,HNW,Taxable,3823430.88,2018-07-09,1,True
116,Ryan,Colon,70,West Malik,FL,91634,Moderately Conservative,HNW,IRA,4333994.26,2016-08-09,11,True
117,Leon,Oconnell,56,Kellyfort,GA,75982,Conservative,Retail,529,210887.33,2021-04-03,9,True
118,Mark,Ramirez,33,Diazshire,NY,26689,Conservative,Retail,Roth IRA,445313.99,2019-09-26,11,True
119,Amy,Maldonado,53,Lake Stevenborough,OH,57970,Moderately Conservative,Retail,Trust,132291.24,2021-05-19,15,True
120,Marie,Jones,52,Chambersberg,TX,83513,Balanced,HNW,Trust,1723248.91,2017-06-03,14,True
121,Johnny,Moore,79,Mccormickland,TX,59361,Aggressive,Retail,IRA,341980.92,2022-12-03,4,True
122,Timothy,Morales,74,Stephensstad,CA,92465,Balanced,Retail,Taxable,109630.21,2022-02-28,6,True
123,Amanda,Little,65,North Kaylastad,AZ,22303,,Retail,Trust,96670.9,2020-03-04,19,True
124,Bradley,Terrell,39,Rasmussenmouth,NC,56921,Conservative,Retail,529,355276.91,2015-11-06,13,True
125,Corey,Walker,67,South Neil,NY,61195,Balanced,HNW,Taxable,4006239.33,2021-03-06,22,True
126,Brianna,Mason,74,Whitneyfort,NJ,14204,Moderately Conservative,UHNW,IRA,44597761.09,2017-05-12,16,True
127,Samantha,Miller,35,West Larry,WA,60182,Balanced,UHNW,Trust,46417909.35,2021-04-09,15,True
128,Adriana,Bailey,44,South Jennifermouth,TX,42301,Conservative,Retail,Roth IRA,70687.55,2015-07-16,1,True
129,Bradley,Page,71,Port Matthewville,MA,89255,Moderately Aggressive,Retail,529,367055.68,2021-05-25,25,True
130,Sarah,Yang,74,New Ethan,NY,73881,Moderately Conservative,Retail,529,384630.72,2018-05-30,8,True
131,Steven,Salinas,70,East Danielle,WA,57141,,Retail,Roth IRA,490053.0,2018-03-01,17,True
132,Jo,Ware,72,Vargasfurt,MD,1084,Balanced,Retail,529,285396.43,2020-08-20,4,True
133,Jamie,Goodwin,74,New Cristianside,VA,25006,Aggressive,UHNW,IRA,24478155.82,2017-12-04,16,True
134,James,Wilson,71,Rosemouth,Washington,78747,Conservative,Retail,Trust,205587.27,2018-02-09,5,True
135,Philip,Wilson,63,Meganburgh,GA,88789,,Retail,529,427564.86,2020-08-24,2,True
136,Kenneth,Mendez,38,Lake Dennisville,NY,31771,Conservative,HNW,529,552401.9,2017-06-11,16,True
137,Isaac,Steele,38,Barnesberg,California,75841,Moderately Conservative,Retail,Taxable,433342.02,2018-01-25,25,False
138,Jacob,Reid,43,New Garrett,MA,38359,Conservative,HNW,Roth IRA,2712415.83,2016-02-14,9,True
139,Leonard,Hayes,42,Port Michaeltown,VA,64019,Balanced,UHNW,529,7265782.15,2016-02-03,21,True
140,Lisa,Maynard,80,Ortizfort,VA,54978,Moderately Conservative,Retail,IRA,220386.92,2020-09-05,3,True
141,Scott,Jackson,79,Port Kathleenport,PA,4786,Conservative,Retail,529,256592.57,2017-03-13,15,True
142,Amanda,Jackson,59,Cunninghamfort,NC,72554,Aggressive,UHNW,Trust,8960893.78,2019-02-01,11,True
143,Ashley,Adams,59,Amberton,VA,94739,Balanced,Retail,Taxable,103418.08,2018-07-13,4,True
144,Jeffery,Coleman,30,West Nancy,NJ,4725,Balanced,HNW,529,2315478.47,2018-08-06,18,True
145,Michael,Montoya,33,Grimesville,PA,31557,Moderately Aggressive,Retail,529,50076.37,2016-09-05,20,True
146,Joan,Norris,60,Martinberg,MI,27583,Conservative,Retail,529,336892.16,2021-07-04,7,True
147,Linda,Hudson,57,Candiceburgh,NJ,42922,Conservative,UHNW,Roth IRA,34456819.26,2022-10-30,12,True
148,Kelly,Armstrong,80,East Sydneychester,PA,8271,Balanced,Retail,IRA,421389.95,2022-12-09,15,yes
149,Michelle,Martinez,77,East Dustin,MI,42718,Moderately Aggressive,Retail,529,199387.68,2021-08-16,20,True
150,Kathleen,Lowe,70,Thomasview,TX,82789,Balanced,Retail,Roth IRA,262910.16,2018-04-24,23,True
151,Shannon,Schultz,34,South Zacharyview,GA,91557,Balanced,Retail,IRA,253639.61,2022-06-28,1,True
152,Miguel,Clements,68,Brandiland,DE,96305,Moderately Aggressive,Retail,Roth IRA,203610.7,2022-10-10,18,True
153,Cynthia,Terry,72,Port Amandaborough,Pennsylvania,56815,Balanced,HNW,Taxable,2848932.89,2021-08-06,2,True
154,Troy,Morris,59,Matthewshire,NJ,17618,Moderately Aggressive,Retail,IRA,453594.7,2019-07-12,23,True
155,Todd,Cooper,54,North Corymouth,NJ,2635,Conservative,Retail,Taxable,384129.9,2015-12-29,9,True
156,Mia,Alexander,40,South Jamesberg,OH,85697,Aggressive,UHNW,Taxable,32488329.48,2017-05-31,13,True
157,Nancy,Mcdowell,80,Lake Michaelland,NC,49239,Balanced,Retail,IRA,147015.28,2020-04-25,23,yes
158,Deborah,Williams,76,Jessicabury,VA,56761,Conservative,Retail,Trust,202070.1,2020-03-29,2,True
159,Jane,Smith,71,Millershire,MD,30148,Moderately Conservative,HNW,529,4669819.39,2019-02-26,4,yes
160,Sean,Smith,56,Lisachester,OH,91469,Moderately Aggressive,Retail,Trust,397465.33,2016-01-22,22,False
161,Chad,Reyes,60,North Lawrenceport,NY,18474,Balanced,HNW,IRA,3151922.75,2018-01-22,16,True
162,Lisa,Baxter,75,North Alyssa,MA,1611,Conservative,Retail,Taxable,51951.93,2019-11-18,18,True
163,Frank,Bell,65,Lake Kaitlin,TX,54464,Balanced,Retail,Trust,470888.73,12/05/2019,17,True
164,Scott,Robinson,39,East Karenshire,FL,96184,Conservative,HNW,529,4014866.74,2018-01-26,6,yes
165,Sylvia,Edwards,36,East Joshua,IL,11543,Balanced,Retail,Taxable,378722.6,2016-12-25,13,True
166,Carolyn,Griffith,66,Kimberlytown,PA,86799,Moderately Aggressive,Retail,Roth IRA,345884.82,2022-01-02,17,True
167,Jamie,Lawson,54,Lake Peter,PA,85195,Aggressive,Retail,529,446625.76,2015-06-09,23,True
168,Rachael,Blevins,45,Cruzbury,NY,65982,Moderately Conservative,Retail,Trust,393068.6,2020-02-07,11,True
169,Chad,Oneal,56,West Sarahberg,NJ,51204,Conservative,HNW,IRA,4867212.42,2021-11-19,5,True
170,Ashley,Diaz,72,Port Thomas,IL,10068,Moderately Conservative,HNW,529,2357354.63,2015-02-18,10,True
171,Carlos,Baker,63,North Stacyfurt,MN,66903,Moderately Conservative,Retail,Roth IRA,429383.49,2017-04-16,23,True
172,Jennifer,Wang,63,Milesland,New York,84457,Moderately Conservative,HNW,IRA,3815683.92,2019-04-17,7,yes
173,Christina,Ramirez,73,Christianborough,OH,20866,Balanced,HNW,Roth IRA,1443707.13,2019-04-16,22,True
174,Peter,Walters,71,West Hollybury,MN,8090,Moderately Aggressive,Retail,IRA,205382.11,2016-12-15,23,True
175,Sandy,Wilson,39,West Elizabethburgh,FL,16156,Balanced,UHNW,529,34253887.45,2015-02-06,18,True
176,Derrick,Smith,48,Bentonhaven,TX,68294,Conservative,HNW,Taxable,3624403.88,2021-04-06,25,True
177,Jennifer,Jackson,58,Lake Kimberly,NJ,35728,Moderately Conservative,UHNW,529,20850701.11,2020-11-10,19,True
178,David,Yoder,73,Lindsayview,FL,69163,,Retail,Trust,474203.14,2015-07-06,22,True
179,Jennifer,Ray,62,South Spencerstad,NJ,7767,,Retail,Roth IRA,386540.93,2018-12-30,14,True
180,Ashley,Richardson,61,Kerrishire,MA,88859,Moderately Aggressive,Retail,Taxable,413737.15,2020-10-12,1,True
181,Jeremy,Hicks,31,Port Michellebury,NJ,6527,Moderately Aggressive,UHNW,Taxable,22139164.11,2018-10-10,7,yes
182,Patrick,Hernandez,78,New Lindachester,CA,29928,Moderately Aggressive,HNW,IRA,1701402.21,2017-07-28,10,True
183,Robert,Cortez,37,Margaretshire,NC,49365,Aggressive,Retail,Taxable,357525.65,2015-12-15,23,False
184,Emily,Williams,41,Port Zachary,PA,6520,Conservative,Retail,529,402960.83,2022-08-18,2,True
185,Casey,Marshall,56,Kiaraport,NJ,43400,Balanced,HNW,Taxable,2114070.97,2015-09-10,20,True
186,Stephen,Wood,75,Anneport,NC,97438,Balanced,HNW,529,4406159.18,2019-12-24,8,True
187,Steven,Vargas,63,Cuevasborough,FL,96506,Balanced,Retail,Trust,384085.73,2022-03-15,8,True
188,Kathleen,Sanchez,78,South Andrewside,IL,45907,,HNW,Roth IRA,2799150.37,2020-02-01,23,True
189,Heather,Smith,52,Aaronfurt,NJ,97242,,Retail,Trust,349022.11,2020-10-25,14,False
190,Dalton,Moreno,71,South Travis,NY,8351,Moderately Aggressive,Retail,Roth IRA,480515.89,2022-10-11,18,True
191,Douglas,Ramirez,75,East Phyllishaven,IL,54641,Balanced,Retail,Roth IRA,74210.99,2020-08-09,7,True
192,Nathan,Villegas,77,New Codyberg,OH,84022,Balanced,Retail,Trust,329252.76,2021-07-23,8,True
193,Charles,Bradley,73,Batesberg,PA,31535,Moderately Aggressive,HNW,Roth IRA,4601688.7,2017-05-01,25,0
194,Melissa,Howe,75,Haynesmouth,NY,42189,Moderately Conservative,UHNW,529,31477340.31,2018-08-15,7,True
195,Jesus,Harding,40,Port Kayla,GA,14784,,Retail,Roth IRA,399266.04,2016-03-29,15,True
196,Frank,Owens,71,Martinezstad,CA,27716,Moderately Aggressive,Retail,Taxable,129841.65,2018-08-13,6,True
197,Steven,Phelps,75,East Lindseyport,DE,92868,,Retail,529,483113.86,2020-07-28,4,True
198,Billy,Huff,55,Eddiebury,NY,47128,Moderately Aggressive,HNW,Roth IRA,2197392.02,2018-03-03,18,True
199,Brandon,Evans,38,North Stephanie,VA,59771,Balanced,Retail,529,168907.82,2019-06-12,9,True
200,Andrea,Davis,57,Port Lauraville,Florida,2068,Balanced,Retail,IRA,52540.31,2015-06-30,2,True
201,Kimberly,Walker,48,Port Richard,OH,90453,Moderately Conservative,HNW,529,1191665.23,2020-01-16,2,0
202,Deanna,Aguilar,68,Samanthaland,PA,3358,Conservative,Retail,529,398147.43,2022-12-22,22,True
203,James,Brewer,78,North Rebecca,CA,43957,Moderately Aggressive,HNW,529,1855196.68,2015-12-24,18,True
204,Sheri,Williams,78,Underwoodfurt,PA,65529,Moderately Conservative,Retail,Roth IRA,211138.51,2015-03-28,17,True
205,Felicia,Thompson,39,East Joshua,NJ,58960,Balanced,Retail,529,148982.91,2022-01-24,3,True
206,Austin,Harvey,38,Lake Kenneth,WA,54501,Balanced,UHNW,Trust,40381620.77,01/22/2022,18,True
207,Timothy,Miller,33,Taylorborough,OH,84734,Conservative,HNW,Roth IRA,2916661.79,2022-01-28,8,True
208,Alicia,Mccoy,70,  SOUTH KIMBERLYSTAD  ,NY,63374,Balanced,HNW,Roth IRA,4475285.32,2019-05-10,11,True
209,Todd,Durham,41,Paulburgh,NY,3917,Moderately Conservative,Retail,529,212359.02,2017-07-20,17,yes
210,Jeffery,Huang,63,Brianfort,MA,69894,Moderately Conservative,Retail,Taxable,263685.73,2017-11-10,4,True
211,Brandy,Hall,56,North John,WA,32109,Moderately Conservative,Retail,IRA,351022.31,2017-02-17,21,True
212,Lisa,Stark,67,Port Wendybury,MA,75958,Conservative,HNW,IRA,3261654.94,2021-10-08,2,True
213,Laura,Kelly,48,East Joel,VA,42182,Conservative,Retail,Trust,357148.11,2021-06-12,4,True
214,Heidi,Sloan,62,Lake Jackieshire,VA,74374,Balanced,HNW,Roth IRA,2236441.71,2016-02-20,1,True
215,Stacy,Copeland,80,Weaverburgh,PA,64783,Balanced,HNW,Roth IRA,4601011.67,2015-04-21,17,True
216,Brian,Guzman,56,New Timothymouth,TX,80996,Aggressive,HNW,Trust,4112675.32,2016-08-11,2,True
217,David,Love,69,Brianberg,NJ,77389,Moderately Conservative,Retail,IRA,183395.29,2020-08-20,11,True
218,Donald,Rodriguez,34,Susanstad,New Jersey,92846,Moderately Conservative,UHNW,IRA,28125261.51,2022-07-14,25,True
219,Randall,Garcia,28,Marcusburgh,OH,96491,,Retail,Taxable,292088.67,2022-08-03,7,True
220,Latoya,Yu,77,Grantside,PA,91407,Aggressive,Retail,IRA,351650.81,2022-02-11,22,True
221,Christina,Kelly,34,South Kurt,DE,90743,Moderately Conservative,Retail,IRA,240894.25,2017-05-10,18,True
222,Gregory,Smith,75,  ROSALESSHIRE  ,TX,4745,Aggressive,Retail,Trust,422936.9,2016-06-15,21,True
223,Lucas,Lamb,32,Lake Ariana,Pennsylvania,65536,Balanced,UHNW,IRA,41753945.67,2016-02-15,1,True
224,Julie,Young,49,Garyland,MI,93426,Moderately Conservative,HNW,Taxable,2566513.56,2020-05-11,3,True
225,Jessica,Rogers,39,West Jasonland,FL,46439,Balanced,Retail,Roth IRA,82961.61,2017-01-19,18,False
226,Daniel,Smith,80,Kimchester,NY,22303,Conservative,HNW,IRA,816989.42,2022-01-27,9,True
227,Trevor,Gray,56,Garciafort,NJ,76267,Moderately Aggressive,Retail,Trust,233434.75,2020-03-16,14,True
228,Gloria,Martin,52,Port Meganport,PA,3132,Moderately Aggressive,Retail,Taxable,192381.91,2017-07-19,18,True
229,Stephanie,Jones,74,South Eugene,CA,10331,Balanced,Retail,529,52654.52,2019-05-17,3,True
230,Rachael,Davis,65,Bushchester,VA,86174,Conservative,Retail,Taxable,390182.27,2016-04-26,23,False
231,Pamela,Moore,50,West Jamieborough,TX,54146,Balanced,HNW,529,4317130.58,2020-07-29,4,True
232,Jennifer,Blair,71,Donnaport,NC,31636,Conservative,HNW,Roth IRA,1804264.69,2015-10-08,20,True
233,Philip,Dunn,76,Hernandezstad,MD,1001,Conservative,HNW,Trust,889273.5,06/03/2018,13,True
234,Kelly,Stanley,70,Gonzaleztown,NJ,27626,Conservative,Retail,Taxable,227800.97,2016-05-14,16,True
235,Kelly,Miller,42,West Kristenfort,NC,64607,Moderately Conservative,HNW,IRA,1203455.63,02/26/2022,24,True
236,Joseph,May,79,Lopezfurt,CT,48919,Moderately Conservative,HNW,529,2259466.54,2016-06-29,10,True
237,Bradley,Gonzales,37,Jeremyview,Ohio,74457,Conservative,UHNW,Roth IRA,48206041.93,2015-06-30,22,True
238,Karen,Contreras,78,Lake Mauriceside,CO,54763,Balanced,Retail,Roth IRA,449140.15,2022-10-06,1,True
239,Brittany,Spencer,63,Cardenaschester,TX,70691,Moderately Aggressive,Retail,IRA,299085.88,2020-06-29,4,True
240,Sharon,Armstrong,64,South Kent,MN,52248,Moderately Conservative,HNW,529,687979.13,03/22/2022,13,True
241,Jennifer,Shaw,33,  NORTH STACY  ,OH,59357,Balanced,Retail,Roth IRA,291718.42,2016-05-19,7,True
242,Tracey,Stanton,74,East Brad,NY,10772,Aggressive,HNW,Roth IRA,3867334.64,2022-11-26,7,True
243,Ryan,Osborn,69,Port Brooke,CA,42411,Moderately Aggressive,Retail,529,235694.52,2022-04-14,5,True
244,Robin,Jones,42,Hawkinsside,CO,43247,Moderately Conservative,HNW,529,1224294.61,2021-11-07,9,False
245,April,Stark,39,Port Isabellashire,New Jersey,68994,Conservative,Retail,529,137446.8,2021-04-02,2,True
246,Daniel,Hernandez,63,North Annaville,PA,37999,Balanced,HNW,Trust,4331244.75,2021-12-08,21,True
247,Nicole,Humphrey,46,Patrickfort,GA,75477,,Retail,Taxable,297349.07,2019-11-14,9,True
248,Benjamin,Hill,74,New Charlotte,DE,91420,Aggressive,UHNW,529,9419108.06,2018-03-19,16,True
249,Randy,Koch,50,  NORTH JULIE  ,Pennsylvania,35704,Moderately Aggressive,HNW,IRA,4781929.58,2022-03-05,22,True
250,Andrew,Roth,34,Larryfort,Pennsylvania,91751,Balanced,Retail,Roth IRA,344962.84,06/23/2020,20,True
251,Teresa,Perez,40,Terrimouth,GA,42557,Conservative,HNW,Roth IRA,814139.98,2017-02-25,16,True
252,Robert,Brewer,67,South Jason,CT,53869,Moderately Aggressive,Retail,Roth IRA,252790.69,2020-12-04,23,True
253,Katherine,Camacho,64,New Laceyland,NY,41280,Balanced,HNW,529,3128764.7,2020-09-03,12,True
254,Richard,Deleon,55,East Jamesborough,NY,8054,Balanced,Retail,IRA,413464.89,2016-12-29,1,True
255,Stephen,Hull,78,West Micheal,NJ,61347,Moderately Aggressive,Retail,IRA,190946.65,2019-01-15,23,True
256,Cynthia,Martinez,55,East Nathanmouth,NJ,23777,Conservative,Retail,Roth IRA,382917.3,2022-09-06,12,True
257,Thomas,Arnold,74,Frankview,IL,98668,Balanced,Retail,Roth IRA,110437.62,2021-08-23,16,True
258,Christopher,Johnson,50,East Melissaborough,MA,29513,Balanced,Retail,Roth IRA,258281.77,2020-03-05,16,False
259,Erica,Adams,39,Palmertown,PA,62641,Balanced,HNW,529,2982523.22,2022-04-16,3,True
260,Deborah,Burke,80,East Johnnyport,PA,93921,Conservative,HNW,IRA,4288068.48,2022-09-25,18,True
261,Dawn,Coleman,74,Yorkmouth,MA,33530,Moderately Conservative,Retail,Taxable,138394.37,2016-09-29,24,True
262,Kevin,Meyer,29,Silvatown,VA,67546,Moderately Conservative,HNW,529,839299.81,2022-12-29,21,True
263,Tammy,Franco,65,Kennethville,NY,63643,Balanced,Retail,529,64037.4,2015-07-06,13,False
264,Vanessa,Davidson,41,Joseport,Illinois,25189,Moderately Aggressive,HNW,Taxable,3961401.15,2016-03-13,18,True
265,Kathy,Yoder,62,Guerreroberg,CO,95041,Balanced,Retail,Trust,167277.34,2015-03-16,21,True
266,Tyler,Phillips,51,Sullivanton,MD,76919,Balanced,Retail,Trust,398838.76,2020-08-30,8,True
267,Ashley,Lee,65,Lake Amanda,NY,62856,Aggressive,Retail,Roth IRA,451146.89,2022-04-01,5,True
268,Emily,Romero,60,Port Diane,Pennsylvania,73671,Moderately Aggressive,Retail,Taxable,259115.51,2016-06-13,13,True
269,Connor,Anderson,28,Jessicaside,CT,24496,Moderately Conservative,Retail,IRA,213739.5,2022-07-28,20,True
270,Rachel,Pena,76,West Jeffrey,Ohio,40751,Conservative,HNW,529,3578727.46,2018-05-13,5,False
271,Olivia,Watson,39,Stevenville,NY,62175,Moderately Aggressive,HNW,529,2507992.0,2015-06-06,19,True
272,Cynthia,Carpenter,37,South Pamelahaven,PA,16205,Moderately Aggressive,HNW,Trust,3467359.88,2021-12-08,12,True
273,Patrick,Evans,76,Port Melissaberg,NJ,26754,Conservative,Retail,Trust,68188.92,2017-09-27,8,True
274,Vanessa,Orozco,51,Thomasburgh,FL,11093,Moderately Conservative,Retail,IRA,78287.52,2018-11-25,2,True
275,Crystal,Thompson,61,North Shannonborough,PA,22600,Aggressive,HNW,Roth IRA,3508635.2,2019-08-11,13,True
276,Eric,Glover,57,East Christinachester,FL,53374,Moderately Aggressive,HNW,Taxable,2613534.03,2018-06-07,2,True
277,Thomas,Smith,48,Lake Nathan,NJ,2346,Moderately Aggressive,Retail,Taxable,491265.4,2022-02-18,23,True
278,Katherine,Schmidt,68,Lake Adambury,MI,30158,Moderately Aggressive,Retail,Roth IRA,485798.63,2020-07-18,24,True
279,Maxwell,Anderson,62,Gordonport,Massachusetts,22392,Balanced,Retail,529,168492.23,07/10/2015,6,True
280,Brandon,Fry,52,Lunahaven,CO,44781,Balanced,Retail,Roth IRA,219496.81,2018-06-20,19,True
281,Gloria,Anderson,32,Howardborough,FL,22112,Balanced,HNW,529,3440014.46,08/01/2022,9,True
282,Samantha,Powell,42,East Jessica,DE,17698,Moderately Aggressive,Retail,529,219347.95,09/08/2016,13,True
283,Andrew,Wagner,50,West Jenniferton,MD,49678,Balanced,HNW,Trust,2088041.03,2022-01-04,16,True
284,Jonathan,Nichols,28,New Virginiaville,California,86165,Moderately Conservative,Retail,529,449227.37,2021-09-08,5,True
285,Brandon,Wilson,42,Jamesside,NY,33627,,Retail,Taxable,247954.42,2018-10-17,17,yes
286,Eric,Neal,41,West Robertville,FL,87333,Moderately Aggressive,UHNW,IRA,33956465.11,2019-02-28,6,True
287,Cindy,Haynes,66,Rivasville,PA,67555,Moderately Conservative,HNW,Taxable,1208108.09,2020-09-30,22,True
288,David,Wilson,79,South Jamesborough,PA,34972,Conservative,Retail,Roth IRA,153655.85,2021-08-25,24,True
289,Teresa,Howard,71,Phillipston,NY,72346,Balanced,UHNW,Trust,10100241.39,2018-12-20,16,True
290,Jared,Fitzpatrick,38,Jimmytown,NJ,88533,Moderately Conservative,HNW,Trust,1448167.78,2015-09-17,1,True
291,Daniel,Andrews,36,Hernandezland,PA,67571,Moderately Conservative,Retail,529,159651.64,2015-08-08,19,True
292,Jennifer,Conway,68,South Vanessa,New York,39301,Moderately Aggressive,Retail,529,122508.11,2017-02-10,2,True
293,Brendan,Li,37,Port Kellymouth,NY,56337,,Retail,Taxable,450858.95,2020-11-27,6,True
294,Cody,Chang,39,North Melissaburgh,TX,43579,Conservative,Retail,529,166216.84,2017-11-10,13,True
295,Samuel,Howell,64,West Lisaburgh,CT,15421,Balanced,Retail,Taxable,319710.89,2018-03-16,24,True
296,Suzanne,Nelson,80,Vaughnfort,PA,55779,Moderately Conservative,UHNW,Roth IRA,37758844.2,2020-03-10,3,True
297,Laura,Wilson,66,Port Erikchester,DE,77931,Aggressive,Retail,Trust,147467.04,2018-11-10,16,True
298,Ashley,Kim,54,Maxwelltown,NY,90215,Moderately Aggressive,HNW,529,1267550.53,01/14/2022,5,False
299,Jessica,Snow,80,Knappville,PA,54408,,HNW,IRA,4075772.32,2018-07-11,20,True
300,Bryan,Pena,44,Lake Mirandahaven,Pennsylvania,97969,Balanced,Retail,IRA,346841.94,2019-08-12,24,0
301,Annette,Levine,57,Aprilville,New York,57235,Balanced,Retail,529,358516.02,04/16/2020,19,True
302,John,Reed,52,Hernandezside,DE,80836,Moderately Aggressive,Retail,Trust,80979.3,2015-06-09,5,True
303,Dawn,Moore,40,Christianburgh,NY,10313,Aggressive,Retail,529,98856.55,2021-01-03,17,True
304,Malik,Rivera,80,Brentbury,NY,72655,Balanced,HNW,IRA,3579655.24,2020-02-23,20,True
305,Richard,Young,58,Wallaceshire,CO,59234,Balanced,HNW,529,933343.6,2015-09-15,20,True
306,Vernon,Stewart,78,Mcgeetown,PA,13954,Aggressive,HNW,529,675664.54,2018-03-24,17,True
307,Barry,Dunn,33,Port Cassandraport,PA,67129,Conservative,Retail,Trust,388572.42,2019-07-01,22,True
308,Diamond,Bryant,66,Michaelton,VA,29719,Balanced,Retail,529,108647.98,2021-10-02,1,True
309,Martin,Saunders,77,  MORANSTAD  ,FL,94337,Moderately Conservative,Retail,Trust,453636.03,2018-08-14,17,yes
310,Connor,Hopkins,30,West Michaelport,MA,72287,Balanced,HNW,529,2393078.09,2019-03-05,14,True
311,Jacqueline,Williams,79,South Donald,NJ,94460,Moderately Conservative,HNW,Trust,1532688.15,2020-12-08,25,True
312,Robert,King,65,East David,OH,51998,Moderately Aggressive,Retail,529,221556.42,2016-09-21,4,True
313,Makayla,Lee,44,Danielchester,DE,6595,Moderately Conservative,UHNW,Trust,24147022.86,2022-05-30,25,0
314,Mary,Chapman,33,Ellisshire,FL,66587,Moderately Aggressive,Retail,Roth IRA,154630.8,2016-01-29,20,True
315,Victor,Moreno,54,New Savannahshire,PA,63799,Balanced,Retail,Roth IRA,444544.84,2022-05-24,7,True
316,Kimberly,Kent,75,Lake Lisa,NY,14074,Conservative,HNW,Taxable,524612.54,2018-02-05,19,True
317,Caroline,Andrade,61,Barnesbury,TX,36361,Moderately Conservative,HNW,Taxable,2851432.83,2018-03-08,13,True
318,Matthew,Phillips,72,East Robert,New York,92253,Balanced,Retail,Roth IRA,344545.75,2022-02-02,14,True
319,William,Cameron,37,Jenniferside,NJ,83414,Aggressive,Retail,Trust,213021.41,2016-09-26,21,True
320,Jason,Klein,44,Samanthaberg,PA,93614,Balanced,HNW,529,3134165.83,2020-03-13,14,True
321,Susan,Gordon,67,Jenniferstad,MN,74200,Moderately Conservative,Retail,Roth IRA,304101.61,2018-11-04,22,True
322,Ashley,Contreras,41,Craigside,NY,37978,Conservative,Retail,Trust,228854.37,2022-01-07,18,True
323,Robert,Smith,58,North Oscarton,MD,88352,,HNW,IRA,4027047.88,2015-06-15,12,True
324,Joseph,Floyd,58,Francesberg,AZ,8631,Moderately Conservative,Retail,Roth IRA,301592.22,2020-07-10,10,True
325,Kenneth,Molina,77,West Lisaville,MA,81255,Aggressive,HNW,Trust,3099430.19,2021-12-10,24,True
326,Jodi,Hancock,70,Youngport,NY,91325,Moderately Conservative,UHNW,Taxable,11213083.33,2020-04-24,24,True
327,Sara,Hughes,78,Tammyton,Pennsylvania,2200,,Retail,IRA,153397.09,2020-12-12,4,True
328,James,Melton,53,Greerstad,MA,99474,Balanced,HNW,Roth IRA,1465061.64,2019-09-15,18,True
329,Joanna,Gonzalez,71,West Shane,NJ,89978,Conservative,Retail,Taxable,326311.42,08/06/2015,6,True
330,Sydney,Moss,68,South Billyview,MN,73455,Balanced,Retail,Taxable,225096.66,2017-02-10,3,True
331,Eugene,Singleton,58,West Stevenberg,PA,5736,Balanced,Retail,529,420464.96,2016-03-24,14,True
332,Marcus,Williams,44,Tracyshire,NY,72611,Aggressive,Retail,IRA,89663.31,2017-11-11,12,True
333,Kristen,Stewart,30,East Abigail,FL,66710,Balanced,HNW,Trust,860178.82,2016-04-10,13,True
334,Amy,Powell,61,Jeffreyborough,Pennsylvania,87445,Balanced,Retail,Roth IRA,326284.52,2017-08-27,23,True
335,Michael,Robinson,31,Barajastown,MN,15537,Aggressive,Retail,IRA,483588.42,2020-05-07,21,True
336,Sean,Conway,28,North Felicia,CT,42566,Conservative,Retail,IRA,272465.77,01/18/2018,22,True
337,Laura,Wilson,61,Amberport,OH,3739,Moderately Conservative,Retail,Roth IRA,468841.31,2022-04-16,7,True
338,Lynn,Brooks,66,Tuckerport,PA,85898,Balanced,UHNW,529,6512420.81,2016-07-16,17,False
339,Willie,Vaughan,67,Port Amanda,CT,1461,Balanced,Retail,IRA,364302.38,2020-01-06,22,True
340,Jason,Soto,43,Port Gina,NJ,14122,Moderately Aggressive,Retail,Taxable,66227.51,2016-08-23,6,True
341,Maria,Johns,45,Lucasland,VA,98397,Balanced,Retail,Trust,89079.27,2020-06-26,12,True
342,Andrew,Love,53,North Charlesburgh,DE,33519,Moderately Aggressive,UHNW,529,35134792.09,2019-06-19,7,True
343,Bailey,Perez,75,Rickeymouth,AZ,83104,Moderately Conservative,Retail,Taxable,282984.22,2018-03-27,3,True
344,Leslie,Price,74,New Adamland,DE,99586,Moderately Aggressive,HNW,529,2973166.94,2020-12-18,19,True
345,Brandon,Charles,80,Sarahville,GA,38490,Balanced,Retail,Roth IRA,206642.86,2021-04-17,8,True
346,Kevin,Miller,40,Jamestown,WA,62627,Conservative,HNW,Trust,3228635.34,2016-04-01,13,True
347,Jeffrey,Francis,44,Susanberg,CA,39567,Balanced,HNW,IRA,3087080.25,2020-06-01,14,True
348,Robin,Norton,63,Susantown,NY,73052,Moderately Aggressive,Retail,Taxable,277807.14,2021-12-30,17,True
349,Donald,Williams,35,Medinaland,AZ,40437,Conservative,Retail,529,182413.32,2016-09-05,9,False
350,Judith,Swanson,80,South Rebecca,MA,67682,Moderately Conservative,HNW,529,4442508.71,2016-02-21,9,True
351,Jack,Jensen,52,Jamesburgh,MA,88447,Moderately Aggressive,HNW,529,3623863.38,2021-05-24,16,True
352,Melissa,York,76,Newmanland,IL,38597,Balanced,HNW,Roth IRA,3964852.37,2020-05-15,25,True
353,John,Gonzalez,57,Lynnstad,FL,17306,Conservative,HNW,529,2564817.93,2020-05-14,1,True
354,Jimmy,Mitchell,44,East Louismouth,DE,43537,Balanced,Retail,Taxable,266886.57,2019-12-06,13,True
355,Kevin,Silva,42,Lindseychester,PA,22604,Moderately Aggressive,Retail,IRA,335147.81,2015-01-15,11,False
356,John,Walker,50,Hillstad,AZ,18104,Balanced,Retail,529,235591.69,2020-06-08,18,True
357,Martin,Castillo,44,Howardport,VA,64329,,Retail,IRA,54375.44,2019-05-31,10,True
358,Gregory,Obrien,71,Micheleberg,PA,71098,Balanced,Retail,Roth IRA,91854.24,2016-07-27,3,True
359,Jessica,Sims,39,North Melissatown,NJ,76770,Moderately Aggressive,Retail,Trust,299548.18,2019-08-18,11,False
360,Kayla,Lewis,64,New Jorgeside,CO,62380,Moderately Conservative,Retail,Roth IRA,209092.07,2020-03-25,6,True
361,Edgar,Long,71,Dennishaven,TX,67401,Aggressive,Retail,IRA,476203.15,2015-09-22,16,True
362,Michael,Smith,43,Port Tamara,TX,80983,Conservative,Retail,IRA,381700.51,2020-06-21,9,0
363,Katherine,Taylor,40,East Ashley,Maryland,74663,Balanced,Retail,IRA,143050.38,2020-04-10,20,True
364,Tammy,Fitzgerald,77,Crosbyton,CA,29182,Moderately Conservative,Retail,Taxable,210212.32,2021-02-02,4,True
365,Jesse,Baker,71,North Elizabeth,OH,68381,Balanced,HNW,Trust,4640846.58,2022-04-05,20,True
366,Michael,Harrison,62,Keithton,OH,85504,Moderately Conservative,Retail,Taxable,52980.65,2017-08-04,16,True
367,Jane,Boyd,48,Maryview,Pennsylvania,76343,Balanced,Retail,Trust,217038.44,2019-05-10,19,True
368,Glenn,Valdez,59,Brianaland,NY,68221,Conservative,HNW,IRA,4409459.76,2017-01-04,25,True
369,Teresa,Walker,45,Gomezstad,NJ,64314,Moderately Aggressive,Retail,Trust,462203.07,2021-05-04,8,True
370,Paige,Smith,36,South Gabriel,PA,10605,Moderately Conservative,HNW,Taxable,3875762.24,2019-02-11,17,True
371,Juan,Hernandez,58,West Carolyn,PA,16010,Moderately Conservative,Retail,529,409671.46,2020-04-15,2,True
372,Robert,Rivera,53,South Emmafort,NY,28118,Moderately Aggressive,HNW,IRA,2761138.45,2019-09-22,15,True
373,Deborah,Jenkins,72,North David,CO,78141,Moderately Conservative,Retail,529,489428.24,2016-04-15,15,False
374,Crystal,Williams,28,North Gabriel,CA,24098,Balanced,Retail,Taxable,192043.07,2019-02-18,22,True
375,Richard,Costa,65,Lake Jessicaport,CA,11740,Conservative,HNW,Taxable,1448385.74,2016-09-24,11,True
376,Catherine,Ruiz,44,Jacksonchester,TX,79254,Aggressive,HNW,IRA,2127210.47,2016-02-21,18,True
377,Brandi,Saunders,45,Garymouth,CA,59938,Moderately Conservative,UHNW,Trust,16828206.56,2019-10-09,20,True
378,Casey,Gray,39,North Allen,TX,69013,Conservative,HNW,Trust,2043934.07,2021-11-15,14,True
379,William,Barnes,72,New Cole,VA,62874,Balanced,UHNW,Roth IRA,14473961.69,2022-03-18,12,yes
380,Carol,Rich,45,North Timothyberg,NY,79599,,Retail,Trust,434446.74,2019-04-25,6,True
381,Aaron,Pace,64,Boydstad,DE,6194,Moderately Aggressive,HNW,IRA,3071343.73,2020-07-30,4,True
382,Roy,Mays,79,Clarkefurt,TX,46444,Balanced,Retail,IRA,374366.96,2019-09-17,18,True
383,Judith,Juarez,52,  SOUTH DENNISFORT  ,CA,30976,Balanced,Retail,IRA,244498.44,2022-04-12,5,True
384,Christopher,George,75,Scotttown,TX,93450,,Retail,IRA,410016.86,2020-12-12,16,True
385,Adrian,Mills,39,South Diamondmouth,NY,54089,Moderately Aggressive,HNW,Trust,4125507.63,2017-11-24,16,True
386,Eric,Pearson,68,Joseside,NJ,56018,Moderately Conservative,HNW,529,1105122.58,2019-07-08,18,True
387,Cheryl,Braun,78,  FISCHERCHESTER  ,Virginia,72866,Moderately Conservative,Retail,Trust,374252.15,2021-04-08,10,True
388,Timothy,Wood,64,Kingport,NY,76214,Moderately Conservative,Retail,Taxable,162938.32,2017-10-02,13,True
389,Janice,Fitzgerald,38,Lake Jerryburgh,DE,13644,Balanced,Retail,Taxable,94538.66,2016-09-18,7,True
390,Richard,Morgan,58,East Paultown,FL,12440,Conservative,Retail,Taxable,416218.13,2021-08-01,15,True
391,Thomas,Burke,44,North Josestad,VA,10991,Balanced,UHNW,Roth IRA,38506694.92,2019-11-14,12,True
392,Jenny,Arias,79,Mendezhaven,OH,38049,Balanced,HNW,Roth IRA,3021575.16,2020-09-09,12,False
393,Carla,Bautista,35,Lake Troy,PA,1904,Moderately Aggressive,Retail,Roth IRA,58925.9,2016-08-12,22,True
394,Diane,Lara,40,Jameshaven,NJ,68109,Conservative,Retail,529,483402.45,2020-08-02,19,True
395,Christina,Craig,62,Johntown,VA,21137,Moderately Conservative,HNW,IRA,3424394.67,2015-09-11,25,True
396,Joshua,Ross,48,Sullivanborough,NY,68362,Balanced,Retail,529,178073.93,2015-02-14,16,False
397,Jane,Calhoun,56,Jessicaside,PA,76907,,HNW,Taxable,3986349.65,2017-10-13,13,True
398,Sylvia,Hill,57,  SOUTH SARAH  ,MD,75855,Moderately Conservative,HNW,IRA,3261486.98,2015-01-14,6,0
399,Gregory,Hunter,49,New Kellyville,NJ,67778,Moderately Conservative,Retail,Trust,338261.29,2022-08-26,21,True
400,Nancy,Li,53,Heatherfurt,MD,74316,Conservative,HNW,Taxable,3255395.62,2018-11-13,3,False
401,John,Morgan,42,Maldonadoshire,OH,4085,Aggressive,UHNW,Roth IRA,12289977.0,2018-11-08,11,True
402,Jonathan,Reyes,73,  LAKE JACQUELINE  ,PA,41884,Moderately Conservative,UHNW,Roth IRA,34385589.38,2018-04-19,20,True
403,Michael,Nichols,45,Johnland,PA,52789,,Retail,Trust,340089.93,2020-05-21,25,True
404,Lori,Jones,51,  SOUTH LEE  ,PA,29148,Moderately Aggressive,Retail,529,438262.92,2022-02-25,17,True
405,Joseph,Valentine,54,South Jillian,CA,31284,Moderately Conservative,Retail,IRA,484486.71,2020-11-18,6,True
406,Monique,Clark,36,Port John,NY,81581,Balanced,UHNW,IRA,43439533.01,2017-11-05,22,True
407,Kimberly,Wilson,75,Lake Stephaniefort,PA,80956,Conservative,HNW,Taxable,1632411.55,2015-01-20,7,True
408,Mercedes,Rubio,34,Watsonmouth,MD,65033,Conservative,HNW,Taxable,1251097.09,2022-03-08,3,False
409,Nicole,Andrews,58,Travishaven,NJ,37236,Balanced,Retail,529,471557.15,2018-03-08,2,True
410,Karen,Anderson,53,Mendozaside,NJ,4769,Moderately Aggressive,Retail,529,61864.21,01/07/2019,25,True
411,Phillip,Parks,34,South Tiffany,DE,92021,Conservative,Retail,Roth IRA,498206.18,2019-02-22,20,True
412,Leslie,Smith,69,South Bianca,NJ,43156,Conservative,Retail,Trust,119873.46,2017-11-22,10,True
413,Michelle,Lopez,75,Joelfort,OH,80859,Moderately Aggressive,UHNW,Roth IRA,15321018.0,2017-09-29,15,True
414,Ivan,Coleman,36,Haynesstad,NJ,48352,,UHNW,529,33191630.81,2021-10-31,6,False
415,Joshua,White,70,New Gina,MI,13591,Balanced,HNW,Roth IRA,628570.82,2020-10-06,11,True
416,Linda,Peters,57,Gonzalezberg,FL,62496,Conservative,Retail,529,438908.51,2021-06-11,9,True
417,Gregory,Porter,36,Kristenport,NJ,33396,Moderately Aggressive,UHNW,529,29684537.35,2019-07-01,6,True
418,Ashley,Ross,57,North Jason,AZ,33831,Balanced,UHNW,529,31587391.7,2018-10-23,14,False
419,Crystal,Cole,68,Jordanstad,PA,73947,,HNW,529,2855569.12,2019-06-17,10,True
420,Lisa,Cooper,58,Martinezborough,TX,76110,,Retail,529,459015.42,2019-08-10,8,True
421,Debra,Thompson,56,Michaelhaven,OH,64397,,Retail,Roth IRA,412118.49,2021-03-13,12,True
422,Sergio,Miller,37,Stevenberg,NY,22465,Aggressive,Retail,Roth IRA,235491.71,2020-02-15,1,yes
423,Sarah,Fisher,80,Sweeneyland,NJ,10870,Moderately Conservative,HNW,IRA,500415.56,2016-04-18,12,True
424,Jeremy,Stewart,62,Jenniferfurt,PA,36054,Balanced,HNW,Taxable,1790430.12,2022-02-05,23,True
425,Kimberly,Mcmillan,76,Gutierrezburgh,TX,3528,Conservative,Retail,Trust,464939.78,2016-01-01,10,yes
426,Jimmy,King,55,East Garrettville,CO,13025,Aggressive,Retail,Roth IRA,54109.67,2015-07-06,20,True
427,Natasha,Kelley,28,Port Randyland,NY,14123,Moderately Conservative,HNW,529,1540469.27,2017-02-05,12,True
428,Eric,Pena,63,Parkerbury,AZ,97178,Balanced,UHNW,Trust,13485694.07,2017-04-10,13,True
429,Courtney,Anderson,73,North Austin,NJ,47272,Balanced,HNW,Trust,1624532.53,2021-11-18,13,True
430,Mark,Alvarez,33,Amyberg,NJ,91939,Conservative,HNW,Trust,1492665.92,2019-04-25,21,True
431,Brittany,Bryant,76,Millsside,VA,41088,Moderately Conservative,Retail,529,157802.82,2022-04-08,23,True
432,Timothy,Perez,46,South Kylechester,NJ,34554,Moderately Aggressive,Retail,529,358088.13,2016-03-30,9,True
433,Alex,Mills,32,West Justin,FL,70637,Balanced,UHNW,IRA,23580674.44,2015-01-25,5,True
434,Sandra,Arroyo,68,Evanschester,IL,38894,,Retail,Trust,180317.88,2019-10-10,20,True
435,Laura,Kelley,72,South Nicole,AZ,57793,Moderately Aggressive,HNW,529,2537452.55,2018-02-27,16,True
436,Frank,Mclaughlin,29,Claytonbury,MD,34970,Balanced,HNW,IRA,1345052.49,2015-08-20,2,True
437,Colleen,Black,0,Justinside,NJ,35736,Moderately Conservative,Retail,IRA,486372.3,2018-04-21,4,True
438,Melissa,White,36,Danielmouth,PA,81468,Conservative,Retail,Trust,176951.54,2018-08-15,24,False
439,Jackie,Vasquez,33,Andrewton,DE,70620,Moderately Aggressive,Retail,IRA,53691.84,2015-03-06,1,yes
440,Teresa,Campbell,49,Lake Samuel,CA,1576,Moderately Aggressive,Retail,Trust,272110.8,2016-11-11,10,True
441,Edward,Snyder,59,Robertfort,GA,49180,Balanced,Retail,Roth IRA,403576.4,2018-09-16,15,True
442,Lacey,Rivera,30,North Joseph,PA,51936,Conservative,Retail,Roth IRA,363620.66,2015-07-28,3,True
443,Theodore,Lee,37,Lisatown,DE,16486,Balanced,Retail,Taxable,429595.83,2022-10-17,9,yes
444,Jennifer,Cruz,32,Wrightton,NJ,26607,Moderately Conservative,UHNW,529,39904380.98,2018-09-08,16,True
445,Kelli,Boyd,44,South Paul,PA,41409,Moderately Aggressive,Retail,Trust,131721.68,2022-06-27,1,yes
446,Eric,Chandler,77,West Timothyport,TX,26548,Moderately Aggressive,Retail,IRA,104882.7,2017-11-18,13,True
447,Brett,Estrada,56,East Cynthiamouth,NY,2475,Moderately Conservative,Retail,IRA,397051.4,2016-05-03,24,True
448,Joshua,Wilson,40,  NORTH TANYA  ,NJ,76663,Moderately Conservative,HNW,Trust,4975409.34,2021-04-07,24,True
449,Thomas,Carlson,61,Kellibury,MI,21170,Moderately Aggressive,HNW,IRA,3969481.86,2018-12-31,16,True
450,Gina,Morgan,47,North Michaelberg,TX,92425,Conservative,Retail,Roth IRA,225105.33,2019-04-16,6,True
451,Daniel,Freeman,30,Tinastad,PA,58004,Moderately Aggressive,HNW,529,3331239.14,2020-11-11,17,True
452,Andrew,Gray,58,West Rachel,PA,64110,Moderately Conservative,UHNW,Roth IRA,10496368.05,2020-08-26,7,True
453,Angelica,Daniels,31,Lopezburgh,CA,71754,Moderately Aggressive,Retail,IRA,212192.0,2017-10-12,4,True
454,Jessica,Hill,55,North Amanda,Virginia,59402,Moderately Conservative,Retail,Roth IRA,156184.63,2017-05-13,1,False
455,Jose,Richardson,45,Port Danafurt,CA,96662,Moderately Aggressive,HNW,529,1253121.6,2016-06-25,4,True
456,Andrew,Vincent,43,West Jennifer,CA,86784,Moderately Aggressive,UHNW,Taxable,22811373.51,2022-09-26,2,True
457,Lori,Lee,72,Cannonberg,OH,80853,,Retail,Trust,311484.66,2017-04-07,23,True
458,Robert,Morris,51,New Donnaton,MN,17510,Moderately Aggressive,Retail,Taxable,318295.53,2016-06-05,8,True
459,Anthony,Rodriguez,33,North Anthony,FL,84616,Aggressive,HNW,529,1209643.05,2021-09-08,11,yes
460,Diane,Fox,76,Brandonbury,PA,79924,Moderately Aggressive,Retail,Taxable,468881.95,2020-09-27,2,True
461,Alexander,Mccall,37,Hebertland,PA,61850,Moderately Aggressive,Retail,529,209982.95,2021-05-28,4,True
462,Bruce,Grant,42,Shortton,MN,81363,Balanced,HNW,Roth IRA,1066223.56,2017-02-15,18,True
463,Billy,Jones,76,Christianborough,MA,68590,Balanced,HNW,Roth IRA,4048528.22,2015-10-11,15,False
464,Jessica,Schmidt,29,East Alicia,VA,33106,Moderately Aggressive,Retail,Trust,379934.97,2019-07-24,12,True
465,Stacey,Hansen,44,Reeseshire,OH,47419,Balanced,Retail,Taxable,375979.62,2020-05-24,16,True
466,Jacqueline,Simmons,63,East Lauraside,CT,53133,Conservative,Retail,Roth IRA,367981.69,2019-01-14,18,True
467,Diane,Ferguson,40,Mahoneymouth,CT,72601,Balanced,Retail,529,363667.0,2022-12-06,6,True
468,Mark,Watson,48,Mckenziemouth,TX,80246,Balanced,Retail,Trust,294629.24,2016-12-04,9,True
469,Amy,Brooks,66,Michaelmouth,Pennsylvania,59155,Balanced,UHNW,529,44044782.8,2022-09-04,6,True
470,Aaron,Johnson,37,Caitlinhaven,NJ,18206,Moderately Conservative,Retail,Trust,80994.46,2022-12-11,10,True
471,Kevin,Evans,62,East Melissa,NY,3345,Moderately Aggressive,HNW,Roth IRA,4187383.48,2021-03-03,15,True
472,Sherry,Short,68,North Benjamin,OH,47117,,Retail,529,50323.92,2016-03-31,13,True
473,Joseph,Preston,29,East Jonathan,NY,39862,Conservative,HNW,529,3801459.84,2015-09-26,12,yes
474,Ricardo,Hardin,43,Lake Markfort,TX,23163,Balanced,UHNW,Roth IRA,39920745.55,2018-11-27,24,True
475,Rachel,Warner,62,New Dawnton,DE,96287,Moderately Aggressive,Retail,Trust,78503.79,2021-06-19,7,True
476,Patrick,Deleon,59,Michaelchester,New Jersey,55095,Balanced,Retail,529,285831.4,2022-06-10,5,False
477,David,Townsend,48,Lake Kimberlyfurt,VA,7595,Conservative,Retail,Trust,325867.66,2017-06-09,21,False
478,Blake,Fernandez,34,West Wayne,New York,29441,Moderately Aggressive,Retail,529,194910.83,2016-03-23,22,True
479,Emily,Osborn,36,Mullinsshire,NY,66656,Moderately Conservative,Retail,IRA,80005.93,2015-09-21,2,True
480,Ryan,Hartman,59,East Matthew,VA,62872,Moderately Conservative,Retail,IRA,140935.56,2019-07-28,4,True
481,Brandon,Ross,69,South Warrenberg,MN,18178,Balanced,HNW,Trust,643177.17,2018-11-05,22,True
482,James,Foster,67,New Christina,AZ,96926,Moderately Conservative,Retail,529,270459.34,2019-03-12,9,True
483,John,Adams,42,Morrisshire,TX,12244,Balanced,Retail,529,72088.53,2015-11-25,23,True
484,Robert,Diaz,41,West Melvin,MN,86406,Moderately Conservative,Retail,Trust,81893.28,2015-03-12,3,True
485,Kevin,Huerta,68,Hansonmouth,FL,6383,Moderately Conservative,HNW,Taxable,2606266.15,2022-05-23,12,True
486,Jesus,Jennings,54,Port Jessica,CT,11748,Aggressive,Retail,Roth IRA,301108.95,2015-11-25,23,True
487,Brian,Rush,67,Port Marissa,AZ,38208,Moderately Aggressive,Retail,Roth IRA,76235.01,2015-02-10,17,True
488,Heather,Rodriguez,32,Ruizmouth,FL,27896,Moderately Aggressive,Retail,Roth IRA,68293.92,2020-12-01,3,True
489,Jason,Payne,61,Anaberg,Pennsylvania,91605,Balanced,Retail,Taxable,475071.57,2020-08-03,4,True
490,Andrew,Aguilar,62,West Georgeport,AZ,26806,Moderately Conservative,Retail,Trust,376327.37,2021-04-24,7,True
491,Christine,Brown,70,North Paulview,TX,87399,Aggressive,Retail,IRA,136903.75,2021-10-24,19,True
492,Donna,Lin,39,West Michellefurt,DE,30800,Conservative,Retail,529,331396.27,11/01/2022,24,True
493,William,Mckinney,75,Toddside,DE,12038,Moderately Conservative,UHNW,Taxable,30116372.32,2016-06-28,25,True
494,Vincent,Ellis,50,North Johnhaven,PA,40468,Balanced,HNW,Trust,3373809.35,2017-09-01,23,True
495,Phillip,Moore,34,Gabriellestad,NJ,82451,Moderately Aggressive,HNW,IRA,3493590.6,2017-06-02,6,True
496,Wendy,Irwin,60,Lisaview,GA,51248,Moderately Aggressive,Retail,Roth IRA,297484.46,2022-02-13,22,0
497,Lisa,Johnson,66,Jeremiahmouth,NJ,51992,Moderately Conservative,Retail,Trust,121179.41,2020-04-02,12,True
498,Christopher,Reyes,63,South John,MD,20522,,Retail,Roth IRA,456118.24,2018-05-30,12,True
499,Larry,Jacobs,68,Danielsborough,PA,86021,Aggressive,HNW,Trust,2355544.81,2016-02-09,24,True
500,Amber,Mcbride,43,West Haley,MA,69157,Aggressive,HNW,529,1955529.14,2022-04-10,18,True
501,Russell,Stout,77,Lake Sarah,TX,21216,Moderately Aggressive,Retail,529,146267.66,2017-07-16,24,True
502,Angela,Fry,56,East Lonnieberg,PA,95800,Moderately Conservative,Retail,Trust,164340.11,2015-03-28,13,False
503,Lucas,Dudley,30,Turnerview,NC,20418,Moderately Conservative,Retail,Roth IRA,50088.03,2021-03-25,20,True
504,Daniel,Lopez,36,Catherinebury,TX,78667,Moderately Aggressive,HNW,Roth IRA,573361.02,2016-11-09,1,True
505,Grace,Howard,42,Andersonfort,NJ,93826,Moderately Aggressive,HNW,IRA,1851502.83,2020-03-12,11,True
506,Jack,Hughes,80,Taylorborough,TX,30159,Aggressive,Retail,Roth IRA,59765.62,2015-04-05,18,True
507,Kathy,Smith,64,Stephaniebury,NY,97804,Balanced,HNW,529,2800721.7,2020-05-14,5,True
508,James,Harris,57,South Michelle,VA,64718,Conservative,Retail,Roth IRA,92429.21,2020-07-02,5,True
509,Michelle,Clay,51,Sullivanton,PA,80183,Moderately Aggressive,UHNW,529,11228368.71,2020-11-17,8,True
510,Omar,Edwards,79,New Danielmouth,New Jersey,6060,,HNW,Roth IRA,1548473.67,2022-01-07,3,True
511,John,Medina,64,New Paulton,NJ,25385,Balanced,Retail,IRA,306719.22,2017-04-30,24,True
512,Raymond,Torres,48,Stevenchester,CA,39091,,HNW,Trust,847407.04,2019-11-26,6,True
513,Brian,Black,72,South Maria,NJ,59705,Balanced,Retail,529,269724.38,2015-09-22,4,True
514,Vincent,White,47,South Robert,NY,59599,Moderately Aggressive,Retail,Taxable,317854.04,2015-03-14,24,True
515,Shawn,Mosley,52,South Christopher,CO,42978,Aggressive,Retail,Taxable,413753.53,2020-07-13,25,True
516,Rebecca,Hogan,77,North Dannymouth,Virginia,83610,Aggressive,Retail,Roth IRA,75165.22,2017-11-26,12,True
517,Alexandria,Cruz,55,South Andrea,NY,6255,Balanced,Retail,Trust,445906.63,2021-02-22,4,True
518,Rhonda,Cunningham,42,East Misty,CT,23945,Balanced,Retail,529,441403.93,2021-02-24,1,True
519,Brett,Parker,68,Robertsburgh,IL,15909,,HNW,Trust,3352491.96,2022-03-09,2,True
520,Susan,Smith,30,Alexanderfort,CA,65859,Conservative,Retail,Roth IRA,187152.53,2019-05-07,18,True
521,Adam,Andrade,48,East Brianna,PA,62853,Conservative,Retail,529,304210.8,2018-08-18,23,True
522,Scott,Burke,31,East Nicoleview,IL,81734,Balanced,HNW,Trust,1493587.29,2020-01-11,15,True
523,Lori,Clark,64,East Brian,PA,46247,Conservative,Retail,529,388778.09,2015-04-18,3,yes
524,Melissa,Estrada,46,Markland,NY,6927,Conservative,Retail,Trust,149938.53,2015-11-15,5,True
525,Victoria,Martin,33,Cherylshire,FL,74186,Moderately Conservative,Retail,Trust,109485.07,2016-06-02,19,True
526,Stanley,Riley,63,North Kaylamouth,NJ,48810,Moderately Conservative,Retail,Trust,385391.77,2022-03-06,9,False
527,Lori,Chang,60,West Thomasville,NC,91546,Balanced,HNW,Trust,882855.44,2021-11-15,25,True
528,Mark,Gutierrez,76,Lake Jason,CA,8127,Moderately Aggressive,Retail,IRA,364041.73,2015-11-16,16,True
529,Jessica,Fuller,59,South Jenniferport,DE,56475,Moderately Aggressive,Retail,Trust,301683.28,2019-11-14,21,True
530,Leslie,Fox,63,Sarashire,PA,65564,Balanced,Retail,529,307098.81,2019-02-27,24,True
531,Crystal,Vasquez,43,New Jesse,PA,38575,Balanced,Retail,Taxable,285911.5,2022-10-31,9,True
532,Aaron,Johnson,48,Lake Melaniechester,GA,54770,Moderately Conservative,Retail,529,399547.35,2015-05-13,3,True
533,Michael,Shaffer,54,North Danielle,PA,90942,Moderately Aggressive,Retail,Trust,100638.44,2017-04-02,12,True
534,Kristy,Parker,48,Katieville,FL,90394,Balanced,Retail,Roth IRA,206738.54,2017-08-31,20,0
535,Randy,Carroll,77,Port Gregorymouth,PA,44795,Moderately Aggressive,Retail,Roth IRA,344934.44,2022-05-17,6,True
536,Timothy,Wells,67,Lake Derekberg,Massachusetts,82709,Moderately Aggressive,HNW,Trust,4944433.63,2018-09-07,20,yes
537,Michelle,Huang,30,Bowerschester,OH,97833,Balanced,Retail,IRA,115618.31,06/13/2015,7,True
538,Adriana,Cunningham,37,Angelatown,GA,27798,Balanced,HNW,Taxable,3584116.52,2019-08-14,4,True
539,Martin,Hendricks,43,Carlberg,OH,37261,Aggressive,Retail,529,382811.73,2021-09-21,5,True
540,Matthew,Brooks,80,New Catherine,GA,25061,Moderately Conservative,Retail,Roth IRA,440938.56,2019-10-05,1,True
541,Michelle,Walton,79,Jenniferview,PA,54747,Balanced,UHNW,Taxable,20447211.76,2015-09-11,10,True
542,Natalie,Watson,29,  JAVIERPORT  ,OH,23440,Balanced,Retail,Roth IRA,252527.71,2015-11-24,7,False
543,Kristen,Strickland,41,South Williamfort,NY,66044,Moderately Conservative,Retail,IRA,383005.84,03/26/2016,18,True
544,Matthew,Webb,44,Kimberlyberg,PA,13379,Moderately Conservative,Retail,529,285469.65,2021-07-29,16,True
545,Sharon,Rhodes,37,East Jenny,TX,60711,Moderately Aggressive,HNW,Taxable,3303688.97,2018-02-06,13,True
546,Michelle,Wilson,70,Sarahland,Texas,44185,Balanced,Retail,529,312352.22,2018-09-25,2,0
547,Brandon,Meyer,31,Andrewport,OH,84236,Balanced,HNW,Roth IRA,1649553.55,2022-02-18,7,True
548,Manuel,Lee,67,Amandamouth,FL,88466,Moderately Aggressive,HNW,Roth IRA,4051348.23,2015-12-10,2,True
549,Edward,Hill,28,New Anitaville,VA,27577,Conservative,HNW,Taxable,2592323.68,2019-05-04,13,True
550,Andrea,Nelson,70,Audreyburgh,IL,9838,Conservative,HNW,Roth IRA,3471677.71,2017-06-28,4,True
551,Patricia,Fernandez,69,East Anthonyton,IL,14385,Aggressive,HNW,Trust,585852.46,2018-01-25,8,yes
552,Christopher,Myers,60,Jensenport,TX,44060,Moderately Aggressive,Retail,Taxable,490906.78,2021-07-15,11,True
553,Jennifer,Lambert,66,Port Kathyshire,PA,17775,Balanced,HNW,529,2680979.68,2015-09-29,3,True
554,Leah,Hale,60,South Lancemouth,NJ,62176,Moderately Conservative,Retail,Trust,133887.82,2016-11-07,18,True
555,Jeffrey,Callahan,29,Robertafurt,DE,24533,Aggressive,Retail,Taxable,466857.49,2020-08-05,8,True
556,Elizabeth,Mccormick,47,Shawntown,PA,9068,Balanced,Retail,Roth IRA,465021.55,2018-10-20,16,True
557,Michael,Murray,38,West Katrina,TX,79726,Moderately Aggressive,HNW,Taxable,2270299.18,2019-08-06,12,True
558,William,Sullivan,50,West Angelaland,New Jersey,40100,Aggressive,HNW,Roth IRA,3579401.1,2019-04-06,8,True
559,Richard,Gutierrez,60,New Erik,NJ,63726,Conservative,Retail,Roth IRA,498197.49,2018-01-26,2,True
560,Matthew,Cervantes,52,Muellerchester,FL,74846,Moderately Conservative,Retail,Taxable,331606.56,2021-04-18,18,True
561,Amy,Young,42,Lake Sarahshire,OH,64284,Moderately Aggressive,HNW,IRA,4771023.88,2015-11-30,11,True
562,Caitlin,Nguyen,70,Port Seanport,CA,53689,Moderately Conservative,Retail,IRA,453728.89,2015-07-23,3,True
563,Daniel,Cervantes,61,Murphyton,NJ,12367,Conservative,Retail,529,378450.35,2016-09-27,21,True
564,Dominic,Carpenter,54,Port Dwayneberg,NC,59873,Conservative,Retail,IRA,358935.49,2019-04-01,19,True
565,Peter,Lane,47,East Erin,GA,41998,Moderately Aggressive,Retail,529,118737.12,2017-05-25,11,True
566,Laura,Frazier,36,Robbinsstad,MI,12204,Moderately Aggressive,UHNW,IRA,25212613.34,2019-08-30,21,True
567,Cheryl,Dixon,62,Port Kelly,FL,48895,Conservative,Retail,IRA,112359.44,2022-03-17,5,True
568,Tammy,Smith,73,Danielport,NY,4588,Moderately Aggressive,UHNW,529,18904927.83,2016-11-18,5,True
569,Jacqueline,Long,77,Jenniferfurt,MI,50513,Moderately Conservative,HNW,IRA,2435289.34,2018-06-25,21,True
570,Jason,Thompson,38,East Angela,PA,47724,Conservative,Retail,Roth IRA,469863.48,2021-09-19,3,True
571,Eric,Bright,74,East Alexander,FL,85486,Moderately Conservative,HNW,Taxable,3008031.34,2015-02-15,6,True
572,Jennifer,Tucker,37,Proctorberg,PA,11598,,Retail,Taxable,192918.92,2016-02-05,25,True
573,Linda,Dalton,54,Hansonmouth,PA,67271,,HNW,Trust,1934093.5,2018-05-23,10,True
574,Lori,Cruz,80,East Roger,TX,1474,Moderately Aggressive,Retail,Roth IRA,249352.02,2019-08-16,5,True
575,Melanie,Young,34,  ROBERTSIDE  ,MI,76044,Moderately Aggressive,Retail,IRA,400598.55,2017-12-07,6,True
576,Tiffany,Carroll,67,Danielfort,NY,91005,Moderately Conservative,HNW,529,617892.0,2015-08-22,9,True
577,Jessica,Fox,67,Stevenland,WA,69098,Moderately Conservative,UHNW,IRA,32252203.01,2022-02-12,20,True
578,Christopher,Kennedy,71,Lake Cynthiashire,MI,41460,Aggressive,Retail,Taxable,154482.14,2019-11-26,12,True
579,Rebecca,Nichols,77,South Shawnfort,CA,75731,Balanced,HNW,Trust,857639.44,2020-11-13,5,True
580,Robert,Yu,66,Keithton,California,91602,Balanced,Retail,Trust,276046.06,2022-05-19,23,True
581,Kara,Acosta,39,Bryanfort,PA,76279,Balanced,UHNW,Trust,34230584.89,2016-05-08,16,True
582,Brett,Mooney,38,West Toddberg,TX,66770,Moderately Conservative,HNW,IRA,2632311.14,2015-08-13,8,True
583,Kristen,King,76,Joshuaview,FL,2362,Conservative,HNW,Taxable,645032.99,2020-12-05,9,True
584,Cassandra,Kent,42,Lake Sean,TX,23490,Moderately Aggressive,Retail,IRA,477589.12,2017-02-02,25,True
585,Jaclyn,Washington,39,West Traceyberg,OH,78560,Balanced,Retail,Trust,142052.95,2022-06-21,20,True
586,Eric,Crawford,48,Townsendbury,OH,87095,Aggressive,HNW,Trust,2704743.04,2018-07-09,8,True
587,Dana,Clark,77,Brianview,NY,99523,Conservative,Retail,Taxable,242400.06,2021-07-21,20,True
588,Brian,Marshall,52,Turnerside,Colorado,31127,Balanced,Retail,Roth IRA,380899.3,2018-01-14,13,True
589,Janice,Wells,75,New Monica,PA,2055,Conservative,Retail,529,325177.19,2017-04-23,20,True
590,Laura,Reyes,69,Suzanneton,FL,13262,Moderately Aggressive,Retail,Taxable,291271.72,2022-05-04,17,True
591,Dana,Blanchard,57,Bishopview,NJ,44405,Moderately Aggressive,HNW,Taxable,991923.32,2017-02-28,8,True
592,Leah,Scott,53,Murraybury,IL,96748,Moderately Conservative,Retail,Taxable,283416.19,2020-05-16,18,True
593,Kaylee,Meyer,76,West Amy,Pennsylvania,88686,Moderately Aggressive,UHNW,Taxable,22432903.34,2015-01-25,7,True
594,Carlos,Jenkins,53,Lake Seanbury,MD,95561,Moderately Aggressive,UHNW,Roth IRA,18103071.3,2017-04-07,25,True
595,James,Johnson,57,North Sheenaborough,Pennsylvania,79063,Aggressive,Retail,IRA,422429.45,2020-02-07,14,True
596,Jean,Wilson,31,South Diana,WA,85423,Conservative,HNW,529,1824888.76,2019-07-12,5,True
597,Tammy,Kemp,69,West Kenneth,NJ,87071,Moderately Conservative,Retail,Trust,258610.53,2022-06-27,3,True
598,Danielle,Livingston,35,Kaylamouth,PA,34230,Conservative,Retail,IRA,375191.06,2016-04-18,25,True
599,Charles,Waters,72,Priceton,IL,34348,Aggressive,UHNW,529,31345147.43,2022-08-23,5,True
600,Joseph,Alexander,48,Krauseborough,OH,80494,Moderately Conservative,Retail,Trust,226880.02,2018-02-20,1,True
601,Debbie,Rodriguez,65,Robinsonville,PA,58379,Moderately Conservative,Retail,IRA,130495.36,2020-09-20,15,True
602,Dakota,Jones,48,Kimberlytown,PA,65735,Moderately Conservative,HNW,IRA,905808.48,2016-03-10,23,True
603,Danielle,Fitzpatrick,33,Adamsmouth,NY,51793,Moderately Aggressive,Retail,Taxable,379968.05,2019-08-06,23,True
604,Zachary,Case,51,Mendozafurt,VA,95890,Moderately Conservative,Retail,Taxable,252229.29,2021-03-31,17,True
605,Kristen,Fernandez,74,South Stephaniefort,PA,16387,Balanced,HNW,529,3682756.03,2019-07-15,20,True
606,Savannah,Howard,52,Richardland,TX,48388,Moderately Conservative,Retail,529,477389.25,2019-04-11,13,True
607,Susan,Miller,38,Hodgesport,Maryland,85408,Moderately Conservative,Retail,Roth IRA,69757.74,2016-08-16,19,yes
608,Angela,Ponce,37,West Heather,DE,14495,Balanced,Retail,IRA,442087.43,2020-01-17,5,True
609,Michael,Miller,73,Mossberg,TX,5180,Moderately Aggressive,Retail,Taxable,130490.04,2016-07-18,14,True
610,Jennifer,Watkins,74,Priceside,NC,84833,Moderately Aggressive,Retail,Trust,188627.99,2017-06-17,10,False
611,Amanda,Flowers,35,Levytown,NY,5356,Conservative,HNW,IRA,3319037.82,2017-09-18,7,yes
612,Matthew,Le,76,Wilsonhaven,VA,60580,Balanced,HNW,Roth IRA,515898.04,2022-07-09,1,True
613,Molly,Herrera,59,North Benjamin,CT,19059,Balanced,Retail,529,256389.2,2018-11-29,1,True
614,Andrew,Meadows,59,East Jacquelineberg,IL,2383,Conservative,Retail,IRA,323592.77,2016-05-18,7,True
615,Brendan,Parker,58,South Cherylshire,NJ,8884,Balanced,UHNW,Trust,31498804.72,2021-07-16,14,True
616,Daniel,Crawford,66,North Linda,TX,56365,Moderately Conservative,Retail,529,248843.91,2017-09-12,1,True
617,Mary,Rojas,63,Nguyenshire,TX,72051,Conservative,Retail,Roth IRA,160120.93,2016-02-06,20,True
618,Mary,Mcguire,80,New Glennland,NJ,16327,Moderately Conservative,Retail,IRA,332885.94,2017-03-11,2,True
619,Katherine,Jackson,31,Angelamouth,NJ,32435,Aggressive,HNW,Roth IRA,1331779.94,2022-05-27,2,False
620,Billy,Garcia,30,Stricklandtown,PA,64328,Moderately Conservative,Retail,529,115418.49,2015-08-24,20,True
621,Adrian,Howe,33,Robertfort,Pennsylvania,91249,Balanced,Retail,Taxable,184298.7,2016-01-06,4,True
622,Douglas,Nelson,39,Jenkinsburgh,NJ,80525,Balanced,HNW,IRA,2376306.16,2020-07-13,22,True
623,Caitlyn,Love,70,Lake Margaretport,CT,46094,Moderately Conservative,Retail,529,177971.25,2018-05-08,19,True
624,Angela,Lee,39,New Michaelside,CT,67025,Moderately Aggressive,Retail,Trust,404288.41,2016-10-02,24,True
625,Kaylee,Hopkins,30,Brianville,PA,20059,Balanced,HNW,Taxable,3105348.32,2020-06-24,25,True
626,Tanya,Wells,51,East Elizabeth,VA,6152,Aggressive,Retail,Trust,184682.52,2015-06-07,3,True
627,Michael,Clark,63,Matthewmouth,NJ,6178,Moderately Conservative,Retail,Taxable,391298.89,2015-11-02,10,True
628,Brian,Medina,35,Port Anthony,MD,67990,Moderately Aggressive,Retail,Roth IRA,261867.58,2015-12-06,11,True
629,Patty,Griffith,61,Robertmouth,DE,30655,Balanced,Retail,IRA,287173.73,2021-03-25,23,False
630,Mark,Garcia,31,Kanefurt,NY,29423,Moderately Aggressive,HNW,Taxable,1440729.41,2015-08-03,19,True
631,Brenda,Brown,68,Thomasmouth,NJ,23839,Moderately Conservative,Retail,529,378377.83,2018-02-05,3,0
632,Derek,Cortez,72,Theresaborough,CO,44526,Balanced,HNW,529,2676483.42,2016-01-07,23,0
633,Heather,Brown,66,North Melissa,PA,60607,Balanced,Retail,Roth IRA,179234.29,2018-05-06,9,True
634,Kathleen,Robinson,67,Cassandraburgh,PA,76276,Conservative,HNW,Roth IRA,2864260.51,2022-10-04,5,yes
635,Melissa,Miller,59,Atkinsborough,PA,78040,Moderately Aggressive,Retail,529,326430.49,10/15/2018,24,True
636,Steven,Smith,59,Fitzgeraldbury,NJ,32984,Conservative,HNW,IRA,3343359.23,2017-08-14,20,True
637,Bethany,Snow,46,New Rachel,NY,55259,,HNW,IRA,1547247.38,2022-11-03,1,yes
638,Billy,Ruiz,57,South Amandafort,NJ,91812,Balanced,HNW,Taxable,1031932.11,2021-07-26,24,True
639,Shaun,Allen,79,Lake Jessicaborough,NY,17895,Conservative,UHNW,529,43163140.49,2017-11-12,14,True
640,John,Duarte,49,South Elizabethburgh,NC,92684,Moderately Aggressive,HNW,Roth IRA,2363185.13,2018-09-03,18,True
641,Ashley,Silva,41,Fordberg,PA,92662,Aggressive,Retail,Taxable,412719.58,2018-03-30,21,True
642,Kristy,Wood,46,Padillatown,NJ,82723,Balanced,UHNW,Roth IRA,14053421.25,2015-07-26,3,True
643,Patricia,Cook,60,West Ronaldview,CT,91996,Aggressive,Retail,529,188497.65,2022-07-26,11,True
644,Amy,Norton,35,New Nicoleton,New Jersey,67968,Moderately Conservative,HNW,Roth IRA,3951646.7,2022-07-24,11,False
645,Emily,Barron,64,South Michaelton,CA,48417,Moderately Aggressive,Retail,529,228222.2,12/06/2017,1,True
646,Deborah,Bush,40,East Tina,NY,31779,Moderately Conservative,UHNW,Roth IRA,42441924.65,2019-04-26,11,True
647,Deborah,Mclaughlin,58,Port Julie,NJ,30049,Moderately Conservative,Retail,Trust,465025.89,07/25/2017,2,True
648,Rachael,Gordon,58,Ramirezland,NJ,49366,Moderately Conservative,UHNW,IRA,34054349.93,2017-10-05,21,False
649,Todd,Rose,62,South Jenniferside,Pennsylvania,38808,Conservative,Retail,Roth IRA,257278.07,2018-08-13,15,True
650,Micheal,Nunez,54,East Patriciamouth,MN,11944,Balanced,Retail,Taxable,402795.06,2015-08-23,17,True
651,Rachael,Roberts,74,North Fredville,MD,91868,Balanced,Retail,Roth IRA,184704.69,2016-03-08,18,True
652,Edward,Harris,41,West Robertside,FL,17806,Aggressive,HNW,529,2911484.64,2018-10-16,22,True
653,Robert,Rojas,78,West Jaimetown,PA,30952,Conservative,HNW,Roth IRA,1992736.82,2021-09-04,3,yes
654,April,Rogers,45,Dianamouth,DE,64221,,HNW,Taxable,4863259.82,2019-09-30,11,True
655,Heidi,Wilkinson,68,Ellisshire,CO,17796,Moderately Conservative,HNW,529,4926284.46,2022-03-08,6,True
656,Kirk,Mccormick,52,South Nathan,New Jersey,38268,Conservative,Retail,IRA,306941.74,2021-02-26,20,True
657,Brandon,Gomez,78,Huberburgh,MA,93799,Conservative,Retail,Roth IRA,102580.09,2019-04-13,23,True
658,Ian,Thompson,73,East John,NJ,5894,Balanced,Retail,Taxable,436018.76,2022-12-12,9,True
659,Autumn,Alexander,59,Jackside,DE,93186,Conservative,Retail,IRA,236241.31,2015-04-12,12,True
660,Logan,Cooper,47,Shaneburgh,GA,70446,Moderately Conservative,Retail,IRA,253357.85,2017-05-30,17,True
661,Samantha,Sullivan,35,Mackmouth,WA,42472,Moderately Aggressive,HNW,Roth IRA,1860432.34,2016-03-31,2,True
662,Tara,Payne,33,Deborahport,GA,62617,Moderately Conservative,HNW,Trust,4000056.76,2022-03-02,17,yes
663,Tara,Webster,58,Port Annette,MA,58448,Moderately Aggressive,Retail,529,61220.65,2017-09-16,5,True
664,Daniel,Mendoza,58,East Ericaville,MD,40881,Conservative,Retail,529,135595.26,2015-03-14,10,False
665,Christina,Robinson,37,Christopherton,Pennsylvania,80212,Balanced,Retail,Taxable,398989.94,2020-02-17,17,True
666,Brandy,Walker,36,Jamesland,TX,71071,Balanced,Retail,IRA,354522.78,2021-10-17,24,yes
667,Erica,Rosario,52,Leemouth,FL,79559,,Retail,529,66448.64,2019-11-03,4,False
668,Sherry,Kerr,30,Raymondchester,MI,48949,Moderately Conservative,HNW,529,518494.41,2018-02-01,3,False
669,Alexander,Cooper,30,Tiffanyside,NY,11982,,Retail,Taxable,199980.39,2016-09-22,17,True
670,Pamela,Figueroa,75,Laraport,MD,21969,,HNW,Roth IRA,3947810.83,2021-06-11,1,True
671,Tara,Coleman,47,Taylorshire,FL,78873,,Retail,IRA,309901.93,2015-09-09,11,True
672,Jared,Wells,46,Carlshire,MD,99606,Moderately Conservative,HNW,Roth IRA,1402499.81,2018-01-02,18,True
673,Adam,Fowler,56,Robertside,New York,61071,Moderately Conservative,HNW,Taxable,1936174.06,2020-09-05,9,True
674,Karina,Taylor,45,Port Patrick,VA,73097,Moderately Aggressive,Retail,Taxable,117194.33,2018-12-04,1,True
675,Mackenzie,Turner,63,  TROYMOUTH  ,MA,29929,Moderately Aggressive,Retail,529,481234.12,2015-03-20,4,True
676,Aaron,Baker,50,Martinezport,NY,55178,Aggressive,Retail,529,142959.82,2016-06-07,11,True
677,Rebecca,Newman,73,North Kathyfort,CA,9246,Balanced,UHNW,Roth IRA,17197344.54,2019-10-16,19,True
678,Michael,Castillo,32,Oneillfort,DE,91497,Conservative,Retail,Roth IRA,160171.28,2021-07-18,20,True
679,Nathaniel,Quinn,62,Port Jordanshire,FL,8170,Moderately Aggressive,UHNW,Trust,45150939.71,2016-03-02,2,True
680,Steven,Steele,58,Frankview,PA,47839,Balanced,Retail,Taxable,108533.3,2018-05-10,4,False
681,Rhonda,Kelly,33,Kellyland,Pennsylvania,67854,Moderately Conservative,HNW,Trust,2226198.38,2016-07-20,13,True
682,Courtney,Duran,66,  NEW MARCUS  ,MA,41947,Moderately Aggressive,Retail,529,130542.35,2021-08-12,21,True
683,Gail,Turner,72,Codyshire,NJ,46589,Conservative,Retail,Trust,426278.48,2021-08-01,20,True
684,Alexander,Holmes,49,Kimberlychester,CA,45106,Balanced,Retail,IRA,210030.94,2022-05-13,23,True
685,Frank,Robinson,79,Port Jacob,NJ,73725,Conservative,Retail,529,391281.15,2019-11-27,3,True
686,Marie,Fox,76,South Stevenland,DE,15779,Conservative,Retail,Trust,488156.85,2021-07-19,19,True
687,Sandra,Mendoza,80,Hannahberg,New Jersey,58426,Balanced,Retail,Trust,109307.88,2022-02-11,4,True
688,Carla,Gallagher,71,Geraldport,NJ,4270,Moderately Aggressive,UHNW,Trust,25501287.68,2020-12-14,16,False
689,David,Anderson,42,Lake Jeremy,TX,16930,Balanced,UHNW,IRA,15426239.61,2016-09-04,20,True
690,Tina,Coleman,51,North Andrewfort,NC,99766,Balanced,HNW,Trust,1661237.45,2018-06-13,6,True
691,James,Johnson,70,South Davidview,MA,6173,Conservative,HNW,Roth IRA,3648265.79,2015-07-13,11,True
692,Elizabeth,Webster,29,New Jamieborough,MA,24720,Balanced,Retail,Taxable,253977.38,2020-05-12,16,True
693,Anthony,Thomas,58,Stacystad,NJ,46664,Moderately Aggressive,UHNW,Trust,10079917.58,2016-04-13,6,True
694,Vincent,Chandler,50,New Ashley,NY,13490,Balanced,Retail,529,177015.82,2021-07-22,19,True
695,Kathryn,Rice,34,West George,NJ,99331,Conservative,Retail,Trust,107327.3,2019-04-18,23,False
696,Teresa,Garcia,48,New Melissa,NY,62722,Moderately Aggressive,UHNW,529,40854099.8,2017-12-06,21,True
697,Bridget,Gonzales,47,East Maryfurt,OH,56087,Aggressive,HNW,529,819157.95,2016-09-17,15,True
698,Jeremy,Rodriguez,54,Davidville,NJ,68622,Aggressive,HNW,IRA,2303674.14,2016-02-02,20,True
699,Kathryn,Bush,38,North Markville,TX,50935,Balanced,HNW,Trust,1596609.77,2017-04-08,13,True
700,Caroline,Collins,41,Perezchester,NJ,38589,Balanced,UHNW,529,7972697.06,2022-11-17,14,True
701,Ronnie,Gates,55,Crosbystad,NC,24001,,Retail,529,402941.29,2015-02-07,11,True
702,Emily,Powers,43,Kimland,DE,16127,Moderately Aggressive,Retail,IRA,295037.1,2016-02-23,22,True
703,Richard,Garza,75,Lake Saraburgh,New York,8982,Conservative,Retail,529,351322.34,2017-11-28,16,True
704,James,Gonzalez,66,Martinezchester,FL,95554,Conservative,HNW,Trust,1014452.87,2018-12-28,11,True
705,Kathy,Miranda,80,Katelynfurt,MA,47175,Aggressive,Retail,Trust,299789.47,2018-10-21,6,True
706,Carrie,Sullivan,53,Dixonberg,CT,60090,Aggressive,Retail,Taxable,188616.08,2015-11-12,20,True
707,John,Crawford,80,North Cory,PA,7428,Balanced,Retail,529,98935.09,2021-08-22,25,True
708,Tyrone,Johnson,48,South Cassandra,FL,43355,,Retail,Trust,418939.58,2016-03-22,21,True
709,Christy,Davis,33,Lake Karenfort,PA,61583,Balanced,Retail,IRA,347074.14,2016-08-12,5,True
710,Ebony,Henry,76,Amyside,NC,72147,Moderately Conservative,UHNW,Taxable,44926769.15,2015-02-21,25,True
711,Kathryn,Ewing,37,South Shannonfurt,CO,58507,Moderately Conservative,Retail,Trust,116026.41,2018-09-04,18,True
712,Antonio,Hawkins,67,Nicoleburgh,DE,64920,Moderately Aggressive,Retail,529,181176.46,2018-06-12,15,True
713,Larry,Price,71,New Emilyside,New Jersey,90334,Moderately Aggressive,Retail,Roth IRA,138049.98,2019-04-25,10,False
714,Terry,Hart,71,New Brian,MD,35024,Moderately Conservative,Retail,Roth IRA,306624.38,2018-12-15,14,True
715,Tara,Jensen,50,Katieport,NJ,42507,Moderately Aggressive,Retail,Taxable,373006.05,2015-06-29,19,True
716,Brittany,Anderson,60,Michaelshire,DE,4026,Moderately Conservative,Retail,Trust,53653.66,2021-02-13,5,True
717,Colleen,James,31,Reedstad,PA,54493,Balanced,Retail,Roth IRA,433627.33,2017-10-23,18,True
718,Donna,Wright,28,Brittanyland,PA,40466,Conservative,HNW,529,4855547.82,2015-12-01,12,True
719,Geoffrey,Ryan,46,South Dianechester,DE,74956,Balanced,Retail,Taxable,99364.24,2019-02-12,8,True
720,Robert,Smith,65,Chapmanmouth,NY,50011,,Retail,Trust,244271.98,2019-07-25,21,True
721,Marcus,Davis,0,Garciaborough,NJ,44536,Moderately Aggressive,HNW,Trust,1931572.89,2018-12-21,13,True
722,Lisa,Contreras,41,New Kevin,New Jersey,57647,Balanced,Retail,IRA,245835.52,2016-08-12,16,True
723,Cynthia,Dickson,63,Port Melissaborough,MA,38165,Balanced,HNW,Trust,1125809.9,2017-02-13,12,True
724,Kenneth,Berry,37,New Julia,PA,12554,Moderately Aggressive,Retail,Roth IRA,427983.21,2020-09-27,22,True
725,Belinda,Vargas,28,Carloshaven,NJ,62795,Conservative,HNW,Taxable,1064971.19,2018-06-01,21,False
726,Michael,Jones,74,Williamport,MI,57243,Aggressive,Retail,Trust,57068.51,2020-04-21,22,yes
727,Lawrence,Perry,36,Colleenmouth,FL,88523,Moderately Aggressive,HNW,Taxable,2465308.02,2021-02-08,5,True
728,Henry,Smith,54,New Victor,TX,87114,Balanced,Retail,Trust,339009.3,2022-09-11,23,True
729,Judy,Mcdonald,55,Michaelton,FL,68955,Moderately Aggressive,Retail,529,321993.28,2016-08-09,6,0
730,Steven,Allen,55,Meganchester,CA,42267,Moderately Aggressive,UHNW,529,25447746.16,2021-11-17,15,True
731,Rhonda,Walters,42,Adamsport,PA,85179,Moderately Aggressive,HNW,IRA,2231216.23,2016-04-14,14,True
732,Gloria,Young,64,North Edward,MI,4132,Moderately Conservative,HNW,Trust,3220579.66,2016-12-18,24,yes
733,Margaret,Marshall,60,Hendersonton,NJ,26976,Moderately Aggressive,HNW,Roth IRA,1565374.85,2016-04-10,14,True
734,Derek,Green,64,Donnaburgh,MN,84949,Balanced,Retail,Roth IRA,466954.0,2021-10-26,2,True
735,Tamara,Tucker,64,North Micheleland,CA,41645,Balanced,Retail,Trust,490205.05,2019-10-24,23,yes
736,Michelle,Lester,65,Mosleyland,Florida,52522,Balanced,HNW,Trust,2158603.69,2022-07-17,23,True
737,Jennifer,Taylor,74,New Jessicaville,NJ,68915,Balanced,HNW,529,860283.98,2020-04-24,25,True
738,Betty,Hampton,57,Tylerland,IL,31706,Moderately Conservative,HNW,529,4004914.18,2019-10-19,3,True
739,Kerri,Edwards,67,Shafferbury,Florida,55927,Moderately Aggressive,Retail,Taxable,285510.56,2016-09-28,8,True
740,Daniel,Lewis,75,Scottview,New York,77765,Balanced,HNW,Taxable,2626032.08,2015-06-13,22,False
741,Amanda,Lyons,79,West Amyfort,MD,89988,Conservative,Retail,529,335159.45,2016-12-20,10,True
742,Joshua,Mueller,49,West Thomas,PA,48701,Balanced,Retail,529,325867.6,2021-07-27,25,True
743,Andrew,Rasmussen,57,Port Joditon,NJ,91030,Moderately Conservative,Retail,529,54852.53,2022-05-03,16,True
744,Emily,King,49,Parkerstad,PA,90317,Moderately Aggressive,UHNW,Trust,30828438.57,2015-12-23,12,True
745,Michelle,Mathews,79,Smithfurt,VA,33994,Conservative,Retail,Roth IRA,482261.59,2017-05-28,10,True
746,Sharon,Sherman,72,Jasonburgh,NY,58021,Aggressive,HNW,529,1253786.73,2020-01-19,24,True
747,Natasha,Wang,78,Mccormickview,CA,10999,Moderately Conservative,Retail,529,186831.88,2021-08-01,9,True
748,Shelby,Ruiz,58,Housemouth,GA,94530,Moderately Aggressive,HNW,529,776379.93,2018-05-18,6,0
749,Samantha,Garcia,70,Lake Jose,AZ,9199,Moderately Conservative,HNW,Roth IRA,3077869.98,2017-10-24,24,True
750,Carrie,Li,46,Shawntown,NJ,7329,Balanced,Retail,Trust,330942.65,2020-02-17,3,True
751,Isaiah,Ramos,32,North Richard,PA,82853,Moderately Aggressive,Retail,Roth IRA,107069.6,2017-06-11,9,True
752,Barbara,Rodriguez,45,  NEW JENNIFER  ,NC,85590,Moderately Conservative,HNW,Roth IRA,1096424.43,2021-02-07,9,True
753,Melanie,Jennings,35,Shannonberg,MA,34668,Aggressive,Retail,529,56391.35,2016-05-21,6,True
754,Brittany,Murphy,75,Jameschester,NY,48683,Moderately Aggressive,Retail,IRA,459559.17,2016-06-15,22,True
755,Nancy,Duffy,79,North Stacy,PA,73708,Moderately Aggressive,Retail,IRA,250993.93,2020-03-05,9,True
756,Courtney,Meadows,43,Gonzalezburgh,PA,7026,Balanced,Retail,Trust,402137.47,2018-03-17,6,True
757,Roy,Green,30,West Georgeshire,Florida,15882,Balanced,UHNW,Roth IRA,40971740.29,2015-02-11,3,True
758,Alicia,Ayala,66,Wilcoxfort,New York,16034,Balanced,Retail,IRA,485305.54,2016-10-17,16,True
759,James,Shah,54,Keithfort,Pennsylvania,50580,Moderately Conservative,Retail,Trust,388742.58,2016-01-16,8,True
760,Melissa,Greene,74,Jessicaborough,MI,55332,Balanced,Retail,IRA,347300.28,2016-06-10,7,True
761,Laura,Johnson,50,Joemouth,MI,33048,Balanced,HNW,Taxable,3099908.27,2017-12-15,21,True
762,Gabrielle,Ellis,80,South Deanmouth,NY,91336,Balanced,Retail,Taxable,168977.97,03/07/2018,2,True
763,Jason,Reyes,53,Fitzgeraldview,NY,10076,Conservative,HNW,Trust,1254201.79,2015-10-06,10,True
764,Brian,Cook,76,South Rebekah,FL,79979,Balanced,Retail,529,264319.81,2022-07-06,8,True
765,Tammy,George,73,North Jonfurt,CT,40151,Balanced,HNW,Trust,2209103.57,2022-10-26,16,True
766,Emily,Anderson,61,New Harryburgh,NJ,66528,Conservative,HNW,Trust,1681813.18,2018-12-10,1,True
767,Matthew,Mcdonald,79,West Jenniferchester,TX,19086,Moderately Aggressive,Retail,Trust,179956.5,2017-01-30,13,True
768,Lawrence,Good,61,Savageview,MN,98519,Conservative,Retail,Taxable,355322.03,2017-11-19,4,True
769,Russell,Orr,68,Chloeview,NC,68261,Conservative,Retail,Roth IRA,462970.46,2017-07-03,14,True
770,Patricia,Stewart,69,Gallagherberg,FL,73334,Balanced,Retail,Roth IRA,324718.51,2021-10-27,11,True
771,Diane,Yates,79,East Edgarbury,MA,24505,Conservative,HNW,Taxable,1716467.53,2015-04-15,9,True
772,Jorge,Mccarthy,53,Wilsonfort,NJ,5847,Moderately Conservative,HNW,Trust,3444544.77,2018-07-13,25,True
773,Vanessa,Hoffman,43,Vasquezberg,MA,16708,,HNW,529,3538810.04,2017-10-18,25,True
774,James,Mitchell,49,Lake William,TX,36256,Balanced,Retail,IRA,137716.56,2019-07-04,11,True
775,Elizabeth,Lewis,71,New Katieburgh,NC,55081,Moderately Conservative,HNW,Taxable,2964256.5,2022-05-12,3,True
776,John,Jimenez,34,West Anthonyville,NY,52165,Conservative,Retail,529,55382.63,2017-12-27,4,True
777,Sarah,Rodriguez,50,Ericland,NY,60824,Balanced,HNW,IRA,3584747.99,2021-08-23,24,True
778,Donna,Gibson,40,Brooketown,MD,43679,Balanced,HNW,Taxable,1774836.59,10/03/2022,1,False
779,Diana,Tapia,31,Staceyshire,PA,17451,Balanced,Retail,529,328728.75,2016-09-09,22,False
780,Brandon,Schneider,41,  LAURENLAND  ,PA,72217,Moderately Conservative,Retail,529,452285.13,2022-08-12,21,True
781,Patrick,Ross,35,East Tammy,TX,52787,Aggressive,Retail,Taxable,104805.56,2015-09-18,20,True
782,Melissa,Martin,70,Mitchellberg,NY,16308,Conservative,Retail,529,108458.26,2017-05-22,6,True
783,Laurie,Fitzgerald,72,Rebeccaberg,NY,47561,Balanced,Retail,IRA,453200.73,2020-04-27,9,True
784,Marilyn,Hunt,70,Griffinfurt,PA,62948,Moderately Aggressive,HNW,Taxable,1825558.77,2017-02-23,21,False
785,Caroline,Davis,45,  SHEPHERDBURGH  ,AZ,57400,Conservative,HNW,Trust,2540496.94,2020-01-17,23,True
786,Christopher,Palmer,77,Rhodesberg,Florida,65423,Balanced,HNW,Roth IRA,4565261.72,2019-03-21,9,True
787,Deborah,Miller,32,Kimfort,NY,39874,Conservative,Retail,Roth IRA,122884.71,2016-03-10,25,True
788,David,Leach,52,New Ronald,PA,75020,,Retail,Roth IRA,78074.32,2015-05-20,2,True
789,Charles,Williams,80,New Rogerville,FL,61404,Moderately Conservative,HNW,Roth IRA,1662073.73,2020-04-14,6,True
790,Ashley,King,59,Brendahaven,PA,2633,Balanced,Retail,IRA,248258.67,2015-11-29,20,True
791,Dorothy,White,69,Port Phillip,NY,11418,Conservative,Retail,Trust,226685.5,2018-04-30,4,True
792,Janet,Edwards,77,Toddmouth,FL,82265,Conservative,Retail,Trust,114742.67,2021-06-17,7,yes
793,Matthew,Hull,34,East Jacob,FL,98415,Moderately Aggressive,HNW,Trust,3262848.31,2022-11-08,23,True
794,Jordan,Nunez,30,Fergusontown,TX,52265,Moderately Aggressive,Retail,Taxable,166548.32,2015-12-07,3,True
795,George,Woods,44,Meltonfort,WA,40189,Conservative,Retail,Trust,307105.05,2019-12-12,1,True
796,Terri,Ward,37,Ballardland,NJ,16896,Moderately Aggressive,UHNW,Taxable,45343057.68,2016-01-30,2,True
797,James,Cabrera,45,Port Anthony,VA,63561,Balanced,Retail,IRA,349072.63,2020-03-09,23,False
798,Debra,Graham,53,North Kevin,VA,61243,Moderately Aggressive,HNW,529,1984238.91,2016-03-08,1,False
799,Robert,Wilson,77,Lake Jacqueline,MI,64077,Conservative,Retail,Trust,281922.35,2018-10-09,16,True
800,Michelle,Richards,74,West Ashley,Pennsylvania,51846,Balanced,Retail,Taxable,246225.95,2015-05-29,18,True
801,Alan,Mccoy,52,Pettyfort,PA,97111,Balanced,Retail,Trust,151631.08,2019-08-18,4,True
802,Jessica,Duarte,50,South Ricardohaven,NJ,77969,Balanced,Retail,Roth IRA,305259.75,2020-10-17,22,True
803,Savannah,Stein,31,Hallton,MA,69747,Balanced,HNW,Taxable,1862726.34,2015-02-25,12,True
804,Barbara,Tran,49,Patriciachester,NC,62542,Moderately Aggressive,HNW,Taxable,2905818.33,2015-12-08,15,True
805,Cindy,Lucas,46,Terrytown,FL,21647,Balanced,HNW,IRA,3922038.86,2017-04-21,6,False
806,James,Cooper,52,New Jeffrey,FL,90281,Moderately Conservative,Retail,IRA,299513.96,2017-09-17,10,True
807,Carrie,Kirby,34,Andersonport,NJ,95265,Conservative,Retail,Roth IRA,363147.03,2020-09-08,16,True
808,Susan,Whitaker,68,Lauraburgh,NC,82007,Moderately Conservative,HNW,Trust,881881.18,2016-08-28,24,True
809,Hannah,Miller,30,Andersonborough,DE,20989,Conservative,Retail,IRA,135259.02,2019-11-05,1,True
810,Craig,Perry,65,Torresborough,NY,73485,Conservative,Retail,IRA,373882.57,2015-05-18,16,True
811,Andrew,Ibarra,78,Ericaburgh,VA,66492,Moderately Conservative,Retail,529,224945.39,2015-04-04,21,True
812,Bryce,Jordan,62,North Anna,VA,64249,Conservative,Retail,Trust,188478.9,2017-01-23,1,True
813,Matthew,Kelly,31,Port Natalieview,FL,20316,Moderately Aggressive,Retail,Roth IRA,66669.21,2021-10-28,24,True
814,Morgan,Munoz,35,Lake Brentmouth,PA,60418,Conservative,UHNW,IRA,6926654.01,2022-09-12,21,True
815,Katelyn,Villegas,57,Port Annahaven,NC,14317,,Retail,529,350292.39,2016-05-02,5,0
816,David,Harris,42,Ericport,MA,93321,Moderately Conservative,UHNW,Taxable,38347317.47,2018-07-13,2,True
817,William,Oconnor,59,East Deborahmouth,PA,18559,Conservative,Retail,Taxable,380956.88,2015-12-26,16,True
818,James,Montes,67,East Maryfort,NY,45238,Aggressive,Retail,Taxable,458230.5,2017-04-17,8,yes
819,George,Adams,36,Wardbury,Pennsylvania,20372,Moderately Conservative,UHNW,Taxable,36558356.5,2021-01-09,6,True
820,Alyssa,Cobb,47,Port Roy,PA,54149,Balanced,Retail,Taxable,334697.65,2022-03-08,15,True
821,Stephanie,Black,65,Sherrymouth,VA,19583,Balanced,Retail,Taxable,325051.65,2021-02-27,4,True
822,Jennifer,Holmes,66,North Matthewfurt,NJ,22039,Conservative,Retail,529,101380.86,2018-06-21,8,False
823,Phillip,Johnson,40,New Brian,CA,83287,Moderately Conservative,Retail,Trust,78399.55,2022-11-02,11,0
824,Lauren,Liu,75,Robertside,PA,40389,Conservative,Retail,Trust,415184.46,2020-10-08,11,True
825,Lee,Cooper,71,Rachelberg,NC,92290,Balanced,HNW,529,1043610.98,2018-03-25,18,False
826,Dawn,Clay,78,Terryfurt,NJ,26360,Moderately Conservative,Retail,IRA,111798.23,2022-01-17,25,True
827,Christopher,Medina,39,Hardyberg,NJ,68720,Moderately Aggressive,UHNW,Roth IRA,7051394.56,2022-12-07,3,True
828,Justin,Davis,37,Adrienneburgh,NY,3570,Balanced,Retail,Trust,104335.47,2015-03-23,6,False
829,Laura,Vargas,63,Port Kim,OH,95726,Moderately Conservative,Retail,IRA,363333.1,2018-05-19,15,True
830,William,Dennis,65,Jordanhaven,Florida,46962,Moderately Aggressive,Retail,Taxable,159640.07,2015-12-28,5,True
831,Katherine,Pugh,68,Evanstown,PA,59895,Balanced,HNW,529,949855.33,2017-09-17,13,True
832,Joel,Reese,29,West Kevin,NC,87915,Balanced,Retail,Trust,399947.74,2021-04-11,3,True
833,Jennifer,Chambers,39,Stonebury,PA,14293,Balanced,UHNW,Taxable,5285731.03,2017-08-15,23,True
834,Brandi,Carson,46,Shawnberg,PA,93777,Aggressive,Retail,Trust,343290.11,2018-05-28,23,yes
835,Robert,Davis,77,Beasleyfort,MI,28653,Moderately Conservative,UHNW,Trust,41333531.15,2018-07-27,23,0
836,Mike,Fox,37,Wigginsshire,VA,65883,Balanced,HNW,Roth IRA,1071015.89,2020-02-03,17,True
837,Wendy,Barker,43,Dennischester,FL,21845,Conservative,Retail,IRA,252688.61,02/26/2016,20,True
838,David,Dawson,66,Lake William,Florida,69856,Moderately Conservative,Retail,IRA,361253.11,2015-12-11,23,True
839,Jason,Kennedy,33,New Mike,NY,16067,Moderately Aggressive,Retail,Roth IRA,274949.44,2019-10-24,12,True
840,Ricky,Martinez,63,Billyberg,CA,15933,Balanced,Retail,IRA,238453.64,2017-12-21,7,True
841,Vickie,Turner,61,Johnsonberg,FL,19131,Balanced,HNW,Taxable,1028785.2,2021-04-08,20,True
842,Robert,Zuniga,76,Pamelaborough,DE,24497,Balanced,Retail,529,212855.59,2021-07-20,17,True
843,Tracy,Martinez,77,Carloston,Pennsylvania,55233,Balanced,Retail,IRA,148674.26,2018-11-06,9,True
844,Kyle,Chavez,35,Kimberlyfort,PA,94877,Balanced,HNW,IRA,738810.59,2021-09-01,22,False
845,Dean,Taylor,58,Gillmouth,MD,20028,Conservative,Retail,Trust,429701.76,2021-12-05,6,True
846,Mark,Marsh,30,Hughesfurt,DE,44934,Balanced,Retail,Taxable,121891.82,2019-04-30,21,0
847,Susan,Wu,41,Debbieburgh,PA,93196,Moderately Aggressive,Retail,Trust,213886.88,2015-03-14,9,True
848,Crystal,Ingram,79,Annville,FL,84900,Moderately Aggressive,HNW,Trust,2004325.83,2019-06-22,2,True
849,James,Montgomery,31,New Aimeefort,CO,66382,Balanced,HNW,529,969894.95,2022-03-04,6,True
850,David,Mayer,29,North Joshua,NJ,27476,Moderately Conservative,Retail,Trust,121120.52,2016-12-17,17,True
851,Janice,Clay,43,Millerside,FL,80042,Balanced,Retail,Trust,102229.29,2017-07-24,19,True
852,Brianna,Henry,54,West Samuelchester,Pennsylvania,3654,Conservative,Retail,IRA,310892.8,2021-11-16,24,True
853,Logan,Scott,48,North Amberport,NJ,19379,Balanced,Retail,IRA,354583.65,2016-06-17,25,True
854,Kayla,Moore,42,Gregoryton,TX,81041,Balanced,Retail,Taxable,99559.79,2022-09-08,8,0
855,Howard,Reeves,40,Petermouth,PA,19173,Conservative,UHNW,Trust,38198653.97,2018-04-20,8,True
856,Mario,Bennett,65,North Jamesshire,FL,31498,Balanced,Retail,Trust,83088.37,2018-12-10,2,True
857,Karen,Cruz,37,West Brucemouth,MI,72999,Moderately Aggressive,UHNW,IRA,45071997.97,2018-04-04,20,True
858,Timothy,Russell,52,North Joseph,PA,77331,Moderately Conservative,HNW,Roth IRA,2547458.93,2020-05-25,5,True
859,John,Peters,40,West Ashley,NJ,58956,,Retail,Roth IRA,255983.09,2015-09-03,9,True
860,Cynthia,Harris,36,West Amber,CA,22545,Moderately Conservative,Retail,Taxable,140994.9,2021-04-03,23,True
861,Amanda,Henderson,45,Williamsmouth,NY,81861,Balanced,HNW,IRA,3058996.25,2017-04-24,4,yes
862,Teresa,Smith,57,Nelsonview,TX,89629,Aggressive,UHNW,Trust,43324311.49,2018-01-15,6,True
863,Michael,Chen,42,Brandonside,IL,74305,Balanced,HNW,Roth IRA,3921528.12,2015-07-24,20,yes
864,Christopher,Hale,78,Lake Angela,PA,37130,Balanced,Retail,529,120554.66,2022-01-09,6,True
865,Jason,Wagner,63,Nicolemouth,NJ,83753,Balanced,Retail,IRA,310154.65,2017-02-02,3,True
866,Karen,Chavez,61,Lake Tonya,TX,45279,Moderately Aggressive,Retail,Trust,235263.26,2016-09-07,7,True
867,Susan,Murphy,57,Lake Sandra,NJ,80295,Conservative,Retail,Roth IRA,316211.39,2018-10-23,1,True
868,Rachel,Chambers,75,Petersfort,NY,51984,Moderately Aggressive,UHNW,IRA,37850798.96,2019-04-21,8,True
869,Kristin,Banks,65,New Anthonymouth,NJ,88613,Aggressive,HNW,IRA,1972831.76,2015-12-27,19,True
870,Teresa,Bennett,64,Paultown,PA,16854,Balanced,Retail,Taxable,475813.56,2018-09-13,14,True
871,Sharon,Wallace,30,Lake Andrew,NY,37349,Moderately Aggressive,Retail,Trust,491082.82,2020-06-10,24,True
872,Jenna,Lee,30,Lindseybury,CT,31205,Moderately Aggressive,Retail,Trust,395872.88,2022-11-02,17,True
873,Tammy,Johnson,79,Conwayborough,CA,1436,Aggressive,Retail,Taxable,227444.07,2016-07-26,15,True
874,Lori,Foster,33,Ashleyfort,VA,22845,Balanced,Retail,529,272878.27,05/31/2019,25,True
875,Donna,Knight,74,North Brianna,NY,98277,Moderately Aggressive,Retail,Trust,55590.35,2015-07-10,7,True
876,Jordan,Hudson,46,  NEW JESSICA  ,AZ,36457,Moderately Conservative,Retail,IRA,109720.4,2016-07-14,21,True
877,Erica,Braun,29,Erinmouth,MA,757,Aggressive,HNW,Trust,4995282.47,2022-07-02,22,True
878,Danielle,Hahn,73,Port Sheilachester,PA,53831,Moderately Aggressive,HNW,Trust,1871764.71,2017-03-11,19,True
879,Erin,Owens,29,Zacharyton,NJ,95032,Moderately Aggressive,HNW,Trust,3862790.13,2016-10-17,15,True
880,Joshua,Fisher,73,Stewartfurt,CA,26008,Balanced,Retail,Trust,397325.75,2017-09-04,6,True
881,Nicole,Aguirre,51,Lake Rodney,PA,10258,Moderately Aggressive,Retail,Trust,405436.42,2022-05-02,23,True
882,James,Murphy,68,Lake Colleentown,CA,63411,,Retail,Taxable,335031.04,2018-06-15,13,True
883,Andrew,Robles,49,Marybury,MA,14635,Moderately Aggressive,Retail,529,452045.5,2018-10-15,2,True
884,Susan,Wall,76,Aprilbury,MA,10057,Balanced,Retail,Roth IRA,183465.49,2021-03-15,23,True
885,Christine,Duran,62,Rileyland,GA,8455,Moderately Aggressive,Retail,529,475742.97,2022-05-01,7,True
886,Nicholas,Wu,33,Port Davidmouth,GA,7682,Conservative,Retail,529,404461.33,2017-05-30,11,False
887,Connie,Jones,31,New Brettfurt,TX,53150,Moderately Conservative,HNW,529,3810923.53,2015-10-07,22,True
888,Karen,Hall,31,South Patrickchester,NY,81793,Moderately Aggressive,UHNW,Taxable,21379573.49,2019-12-14,13,True
889,Matthew,Pace,67,South Zacharyshire,PA,25729,Balanced,Retail,Taxable,214515.89,2015-11-12,12,False
890,Alexander,Reeves,69,New David,NY,67203,Moderately Conservative,Retail,529,214894.85,2017-01-18,23,True
891,Robert,Hardy,73,Lopezberg,GA,6277,Balanced,Retail,IRA,80152.66,2015-06-26,5,True
892,Larry,Graham,43,Larryside,MI,19588,,Retail,529,491563.23,03/06/2016,4,True
893,Kyle,Cooper,75,Tarahaven,FL,77366,Balanced,HNW,529,3420672.8,2020-04-05,23,True
894,Duane,Young,75,South Mauriceborough,NJ,84459,Moderately Aggressive,HNW,IRA,1444072.89,2022-04-07,11,True
895,Kristen,Peterson,45,Nealmouth,Maryland,79113,Moderately Conservative,Retail,529,208720.25,2020-07-15,22,True
896,Melissa,Knight,31,Christinachester,NY,43573,,Retail,Taxable,240318.11,2016-04-19,12,False
897,Shawn,Mccormick,999,South Jeffreytown,CO,84225,Moderately Conservative,Retail,529,205351.96,2016-10-13,17,True
898,Jerry,Hanson,58,South Jessica,DE,43953,Moderately Conservative,Retail,529,423301.92,2021-06-16,22,True
899,Nicholas,Ross,46,West Alejandrostad,Massachusetts,4435,Moderately Aggressive,UHNW,Trust,42142055.81,2019-06-09,20,True
900,Douglas,Alexander,71,Bradleytown,PA,26600,Moderately Aggressive,Retail,Taxable,215665.63,2016-07-31,7,False
901,Grant,Mcclure,57,West Melanie,PA,32740,Balanced,Retail,Taxable,451356.45,2016-06-05,3,0
902,Andrew,Cameron,39,North Marieberg,Texas,50167,Moderately Aggressive,Retail,Roth IRA,225807.13,2020-03-27,3,True
903,Nicole,Morgan,45,West Stephen,MI,48950,,Retail,Taxable,99214.21,2021-06-22,23,True
904,Donna,Pugh,37,Johnsland,Pennsylvania,16032,Moderately Conservative,Retail,IRA,116579.32,2016-02-26,17,True
905,Sandra,Norton,29,New Nicholas,MD,49555,Balanced,Retail,Roth IRA,478447.15,2017-07-17,14,True
906,Russell,Fields,62,Port Christinaborough,CT,70685,Conservative,HNW,IRA,4863085.72,2017-05-09,16,True
907,Edgar,Wright,56,Moniquehaven,MI,77057,Balanced,Retail,Taxable,206015.11,2022-01-31,10,False
908,Jason,Miller,29,Gibbsland,NJ,22446,Balanced,HNW,IRA,1350772.96,2019-01-25,17,False
909,Karen,Newman,54,Victormouth,PA,23962,Moderately Aggressive,HNW,529,3401024.14,2017-07-29,11,True
910,Nathaniel,Neal,78,Wellsshire,New York,53053,Moderately Conservative,Retail,Roth IRA,345092.23,2020-02-07,16,True
911,Krystal,Santos,72,East Patricia,MA,59756,Conservative,Retail,529,317010.76,2021-11-26,18,True
912,Randy,Torres,47,Duncanstad,NJ,33862,Conservative,Retail,529,250365.34,2019-05-28,5,yes
913,Dennis,Miller,47,Stonebury,NY,77042,Balanced,Retail,IRA,454226.87,2015-05-01,9,True
914,William,Rogers,51,Mcdonaldchester,CO,48671,Balanced,HNW,Roth IRA,1520518.72,2021-06-07,25,yes
915,Logan,Reyes,37,South Jesus,AZ,85088,,Retail,Roth IRA,430481.17,2015-08-10,10,True
916,Rachel,Phillips,38,Port Joshuabury,NY,13399,Conservative,Retail,529,255166.94,2015-12-13,6,True
917,Michael,Payne,46,Jamesmouth,TX,33272,,Retail,IRA,370315.48,2017-06-03,6,True
918,Lisa,Sutton,72,Jamesberg,NJ,99117,Moderately Aggressive,UHNW,IRA,42769925.46,2020-09-22,6,0
919,Amy,Green,30,Juanstad,AZ,53429,Moderately Conservative,Retail,Roth IRA,157057.4,2022-07-25,19,True
920,Lydia,Todd,44,South Destinyberg,CT,52602,Conservative,Retail,Roth IRA,106913.08,2016-10-26,6,True
921,Jennifer,Clark,73,New Brenda,WA,72933,Aggressive,HNW,Taxable,1423199.13,2021-01-22,22,True
922,Jennifer,Murray,50,West Meganchester,NJ,91981,Moderately Conservative,HNW,IRA,1926246.94,2018-05-05,12,True
923,Samuel,Farrell,38,West Donberg,NY,40552,Balanced,Retail,529,251793.09,2022-07-18,10,True
924,Alec,Cochran,29,Matthewchester,Pennsylvania,56300,,HNW,Trust,1046705.11,2020-06-26,16,True
925,Richard,Osborne,57,Marktown,IL,74894,Balanced,HNW,Roth IRA,3958331.75,2021-04-13,5,True
926,Sandra,Hernandez,75,Ashleyshire,PA,51735,Moderately Conservative,Retail,529,51932.44,2022-11-03,17,True
927,James,Myers,73,Lopezville,NJ,43602,Aggressive,Retail,Roth IRA,199076.29,2019-07-22,16,False
928,Shannon,Kline,76,East Damonside,PA,23784,Conservative,Retail,529,453189.85,2015-04-04,22,True
929,Hannah,Burns,64,East Chad,Pennsylvania,51080,Moderately Aggressive,UHNW,Trust,11618756.36,2017-04-09,11,True
930,Jesse,Keller,74,South Brianhaven,NY,1948,Moderately Aggressive,UHNW,Trust,36011614.17,2016-05-16,2,True
931,Michele,Jenkins,63,North David,NJ,55343,Conservative,HNW,Taxable,1127404.82,2018-10-28,10,False
932,Casey,Friedman,67,East Monica,Georgia,41101,Balanced,UHNW,IRA,6115801.77,2018-06-16,15,True
933,Jenna,Wells,48,Brianahaven,New York,94449,,Retail,Taxable,210827.1,2020-06-23,20,yes
934,Joshua,Smith,65,South Caleb,PA,52829,,Retail,529,338590.69,2019-11-02,8,True
935,John,Murphy,77,Stevensshire,PA,5623,Conservative,Retail,Roth IRA,401577.51,2020-11-23,7,True
936,Keith,Ibarra,62,Reedport,TX,51761,Balanced,Retail,Trust,60146.89,2019-11-26,22,True
937,Lisa,Thompson,33,East Rachel,Massachusetts,96608,Moderately Conservative,Retail,529,352201.0,2018-06-16,13,True
938,Patrick,Hopkins,48,South Hollyton,NJ,31918,Conservative,HNW,529,1375025.18,2022-01-30,20,True
939,Eric,Khan,31,Elizabethland,CA,91995,Conservative,Retail,Roth IRA,280200.13,2020-10-23,13,True
940,Rachel,Kerr,55,Riddleside,PA,16390,Balanced,Retail,Roth IRA,116575.67,2022-12-17,13,True
941,Charles,Garcia,46,Robertburgh,PA,33631,Conservative,Retail,Roth IRA,217774.02,2016-08-28,12,True
942,Bradley,Johnson,56,Jamesfurt,CO,25981,Conservative,Retail,529,188638.41,2018-03-04,3,True
943,Alex,Wilson,56,West Ellen,NY,61350,Aggressive,Retail,Trust,147062.82,2018-11-16,15,True
944,Carlos,Kelley,79,Lake Stephanie,NJ,18884,Moderately Aggressive,UHNW,Trust,17988530.82,2018-10-07,24,True
945,Joshua,Martin,36,New Craigport,NC,16773,Balanced,HNW,529,4533929.72,2019-04-11,20,True
946,Peter,Jones,41,Lake Joshuamouth,CO,47436,Moderately Conservative,Retail,Roth IRA,88735.09,2016-06-03,16,True
947,Jennifer,Stafford,61,South Heather,NY,83704,Aggressive,HNW,Roth IRA,4947720.93,2021-06-28,3,True
948,Danielle,Moran,65,South Hannahmouth,GA,7371,Conservative,Retail,Trust,469918.85,2019-10-14,3,True
949,Brandon,Bennett,68,East Nicholas,NJ,31766,Moderately Aggressive,Retail,Roth IRA,52978.49,2016-08-07,14,True
950,Allen,Johnson,57,West Loriland,NY,29411,Aggressive,Retail,529,128701.85,2022-09-01,25,True
951,Colin,Conley,40,Lake Gary,NY,54985,Aggressive,Retail,IRA,461692.45,2019-02-06,13,True
952,Lisa,Morris,59,New Jamie,MA,71503,Moderately Conservative,HNW,Taxable,1802584.25,2018-02-27,10,True
953,Ronald,Hall,47,West Marcustown,NY,53210,,HNW,Trust,4255633.41,2020-03-25,18,False
954,Alexander,Lewis,42,North Diane,IL,36998,,HNW,Taxable,3829352.1,2020-03-13,1,True
955,Miguel,Jones,47,South Kevin,PA,78995,Balanced,Retail,Trust,119310.79,2018-12-30,4,True
956,Veronica,Marquez,46,West Susan,IL,79126,Moderately Conservative,Retail,Trust,344215.84,2017-08-05,6,True
957,Crystal,Price,72,West Gregory,Illinois,90629,Balanced,Retail,IRA,271348.93,2017-07-17,1,True
958,Melissa,Olson,45,Andresshire,IL,59340,Balanced,Retail,Trust,103709.6,2018-01-21,3,True
959,Danielle,Hall,51,East Andrewville,CA,40982,Aggressive,UHNW,529,31950109.55,2016-11-21,16,True
960,Roy,Sanchez,44,North Devinfort,GA,39378,Balanced,Retail,Trust,304508.57,2016-08-13,23,True
961,Nicholas,May,51,Lake Carly,MD,58661,Conservative,Retail,529,418226.36,2020-11-29,24,True
962,Mark,Ramirez,44,New Latoyachester,PA,85441,Aggressive,Retail,IRA,308868.66,2021-07-01,19,True
963,Karen,Perez,48,Matthewborough,MA,71189,Balanced,HNW,Trust,763296.77,2015-06-07,23,True
964,Samantha,Mcneil,38,New Monique,FL,68851,Moderately Aggressive,HNW,Taxable,1109738.27,07/28/2017,9,0
965,Scott,Smith,68,Jonesborough,FL,7330,Moderately Conservative,UHNW,Roth IRA,21252355.16,2020-01-27,2,True
966,Donald,Harris,61,East Brittanyborough,GA,31474,Conservative,Retail,Taxable,180435.29,2019-01-22,17,True
967,Ronald,Mcdonald,68,Lake James,FL,56077,Moderately Conservative,HNW,IRA,1372166.76,2016-05-30,25,True
968,John,Mitchell,76,Faulknerborough,NY,36134,Moderately Aggressive,HNW,IRA,925288.94,2021-11-24,18,True
969,Timothy,Tapia,48,  RAYMONDBURGH  ,CT,62198,Conservative,HNW,Roth IRA,1951730.87,2018-07-13,9,True
970,William,Moss,72,Port Stephanie,California,63677,Balanced,Retail,Roth IRA,358449.67,2015-02-27,4,yes
971,Patrick,Dickerson,50,Brookeberg,NJ,72964,Conservative,Retail,IRA,290489.15,2020-10-23,1,True
972,Jonathan,Ford,46,Campbellside,CT,79933,Balanced,Retail,Roth IRA,111627.25,2018-11-05,25,True
973,Mathew,Espinoza,49,East Sabrina,CA,1048,Aggressive,UHNW,IRA,26820456.11,2015-02-07,4,True
974,Vincent,Swanson,60,Sullivanchester,Pennsylvania,52228,Moderately Aggressive,Retail,IRA,148044.3,2022-10-05,7,True
975,Nathan,Burns,63,South Nicoleville,North Carolina,50940,Balanced,Retail,529,407798.03,2022-06-15,23,True
976,Francisco,Hines,61,Kelseystad,NY,67296,Balanced,Retail,529,424137.28,2020-09-02,23,False
977,Cynthia,Richardson,76,Lake Paulchester,CO,96925,Moderately Aggressive,HNW,Taxable,2980007.73,2016-12-21,14,True
978,Tim,Dorsey,32,Crystaltown,TX,91919,Balanced,Retail,Taxable,257221.11,04/28/2020,5,True
979,Dylan,Jacobs,58,West John,North Carolina,76305,Moderately Conservative,Retail,Roth IRA,465534.39,2022-08-12,10,True
980,Mckenzie,Smith,36,Lake Jenniferfurt,OH,52623,Conservative,Retail,Trust,360972.82,2020-08-24,20,True
981,Terri,Miller,49,South Gabriel,TX,56451,Balanced,Retail,IRA,285404.5,2017-01-08,23,True
982,Kevin,Ponce,75,Willischester,NY,99127,Aggressive,Retail,Taxable,187107.92,2022-01-03,8,False
983,Jessica,Davis,72,Lisaview,NY,98638,Moderately Aggressive,Retail,IRA,107921.52,2016-09-04,23,True
984,Kaitlin,Hale,36,East Lisatown,NY,13198,Aggressive,Retail,IRA,151958.49,2015-07-24,5,True
985,Heather,Warren,55,Jessicaburgh,IL,23622,Balanced,Retail,Taxable,491499.31,2017-12-30,3,True
986,Jane,Gonzalez,58,New Stacy,VA,59570,Balanced,UHNW,Trust,5846288.5,2019-07-15,2,True
987,Jason,Harris,30,Port Katherine,DE,34494,Conservative,Retail,529,138357.95,2022-11-11,19,True
988,Monica,Alexander,35,Port Danaland,NJ,38921,Conservative,HNW,Roth IRA,766693.57,2015-09-08,2,True
989,David,Brown,70,New Jimmyfort,PA,88686,Balanced,HNW,Taxable,798113.13,2021-01-30,25,True
990,Albert,Adams,35,Lake Branditon,PA,13194,Moderately Aggressive,Retail,529,93426.62,2016-09-08,7,True
991,Latoya,Bennett,40,Sarahfort,DE,99710,Moderately Aggressive,Retail,IRA,314421.37,2017-09-11,22,True
992,Ruben,Wood,33,Yvonnebury,PA,47845,Balanced,Retail,IRA,208190.15,2020-04-26,24,True
993,Nicholas,Brown,65,Morganville,NY,905,Moderately Conservative,Retail,Roth IRA,473830.24,2018-08-27,12,True
994,Holly,Hardy,60,North Carolyn,PA,70051,Moderately Aggressive,Retail,529,122250.8,2017-03-27,8,False
995,Holly,Briggs,32,Shannonfort,CT,67991,Balanced,UHNW,Taxable,27720915.31,2018-04-21,19,True
996,Jacob,Andersen,61,  ALLENSTAD  ,TX,6498,Balanced,Retail,IRA,393459.81,2022-10-03,23,True
997,Jill,Gregory,46,New Todd,NJ,97390,Moderately Conservative,HNW,IRA,1361963.84,2019-11-25,25,False
998,Christopher,Patterson,74,Hatfieldville,VA,96744,Aggressive,Retail,Taxable,291706.92,2018-01-29,7,True
999,Catherine,Joseph,73,East Tylerland,NJ,39999,Moderately Conservative,Retail,Trust,464214.73,2021-08-28,12,True
1000,Wendy,Archer,39,Jacksonmouth,VA,15663,Conservative,Retail,Trust,364159.81,2018-11-09,22,True
1001,Amber,Sanchez,39,Port Sheryl,NY,92239,Balanced,UHNW,Roth IRA,48098648.11,09/19/2015,13,True
1002,Ryan,Baldwin,60,West Raven,WA,37248,Balanced,HNW,IRA,2408413.31,2016-10-05,14,True
1003,Jonathan,Alvarez,48,Lake Derekside,IL,83541,,Retail,Taxable,100780.47,2020-10-19,15,True
1004,Christopher,Holt,36,New Katie,GA,79233,,HNW,Trust,996422.73,2015-07-08,25,True
1005,Matthew,Kent,46,Valdezside,NJ,57774,Aggressive,Retail,529,212562.71,2021-06-19,24,True
1006,Jeffrey,Wilson,48,North Christophershire,NY,25163,Conservative,HNW,Trust,682738.53,2020-12-15,4,True
1007,Darren,Richardson,57,Stephanieshire,NJ,97090,Balanced,Retail,529,223151.5,2015-01-05,24,0
1008,Bryan,Nichols,56,Whitneymouth,MD,48345,Conservative,Retail,IRA,190403.11,2021-05-18,18,False
1009,Sarah,Martinez,55,North Randall,PA,71056,Moderately Conservative,Retail,IRA,233277.0,10/25/2021,3,True
1010,Leslie,Cabrera,79,Maryfort,FL,89627,Conservative,Retail,Trust,452639.59,2018-08-24,22,True
1011,Carolyn,Thomas,28,New Lukehaven,MA,90757,Moderately Aggressive,Retail,Trust,215348.63,2015-12-27,22,True
1012,Wendy,Mccarthy,56,Welchborough,CO,65384,Moderately Conservative,Retail,529,97327.35,2017-05-01,22,True
1013,Tammy,Brown,35,Ericborough,Washington,96531,Moderately Aggressive,Retail,IRA,354433.4,2022-06-22,13,False
1014,Jeffrey,Fitzgerald,65,Port Tony,NY,51856,Aggressive,HNW,Taxable,2302809.3,2017-05-23,24,True
1015,Lisa,Gaines,38,North Amy,CA,44726,Moderately Aggressive,Retail,Taxable,466380.64,2018-05-18,12,False
1016,Thomas,Bailey,49,Myershaven,OH,95758,Moderately Aggressive,Retail,IRA,488843.37,2017-04-06,20,True
1017,Heather,Lee,53,Davismouth,NJ,99102,Moderately Conservative,Retail,Taxable,429813.28,2021-04-30,8,yes
1018,Michelle,Brown,74,Stephenburgh,CA,76150,Aggressive,HNW,Trust,4271491.09,2016-02-06,9,True
1019,Heather,Carter,77,  EAST JEFFERY  ,Delaware,98592,Moderately Aggressive,HNW,529,3941676.55,2016-07-25,19,True
1020,Denise,Cox,78,Lake Kristenberg,NJ,49856,Moderately Conservative,UHNW,Trust,17283775.58,2022-08-08,12,True
1021,Ronald,Skinner,66,North Michaelfort,FL,24045,Balanced,Retail,Trust,264121.83,2022-07-23,16,True
1022,David,Robertson,37,Brittneyberg,PA,82679,Moderately Conservative,Retail,Trust,280136.53,2020-10-11,4,True
1023,John,Wilson,59,Burnsburgh,NY,86064,Moderately Conservative,Retail,Trust,104985.53,2020-12-16,8,yes
1024,Kimberly,Esparza,36,  PORT STEVENFURT  ,GA,36574,Conservative,Retail,Taxable,332766.96,2020-01-22,4,True
1025,Sean,Smith,32,North Davidhaven,Delaware,29983,Moderately Aggressive,HNW,Trust,3820092.6,2015-03-09,22,True
1026,Ashley,Armstrong,39,Heatherville,PA,78210,Balanced,Retail,Trust,62037.0,2016-06-12,20,True
1027,Todd,Newman,37,Evansberg,NY,13534,Aggressive,Retail,Roth IRA,355641.96,2017-08-07,20,True
1028,Jennifer,Atkins,76,South Lisa,CO,3089,Moderately Aggressive,Retail,Taxable,330454.68,2018-02-24,22,True
1029,Lisa,Logan,77,Brownshire,CT,71146,Balanced,HNW,Trust,3882243.86,2020-09-15,15,yes
1030,Kristy,Martinez,70,Lake Priscilla,MN,24181,Balanced,Retail,Trust,140869.29,2021-11-22,16,True
1031,Heather,Smith,62,Mcbrideville,MD,5631,Conservative,HNW,Roth IRA,2771576.4,2016-01-12,18,True
1032,Jamie,Martin,76,Melissaton,GA,11591,Moderately Conservative,Retail,Taxable,295979.02,2022-11-02,14,True
1033,William,Cox,35,South Tiffany,PA,86767,Aggressive,Retail,Trust,446056.55,2015-01-01,15,True
1034,Kevin,Shah,52,Donnamouth,MD,18832,Moderately Aggressive,Retail,Trust,191551.64,2019-08-13,15,True
1035,Heather,Mills,39,Catherinehaven,PA,28005,,Retail,529,66191.5,2020-07-02,22,True
1036,Elaine,Williams,47,East Donaldborough,NJ,18091,Conservative,Retail,IRA,437162.32,2019-10-25,16,True
1037,Jason,Howard,47,Lake Cindy,NY,10247,,UHNW,Trust,24380650.3,2019-05-26,16,True
1038,Jorge,Santos,64,South Stephen,GA,33816,Balanced,Retail,Trust,393805.01,2020-05-30,22,True
1039,Shelby,Thomas,62,North Crystal,PA,35811,Conservative,UHNW,529,29920275.44,2022-12-17,16,True
1040,Heather,Lee,38,Annehaven,NJ,79792,Conservative,Retail,529,264159.97,2016-04-24,2,True
1041,Lorraine,Stewart,59,Graybury,PA,10662,Balanced,HNW,529,2261231.69,2017-02-28,13,True
1042,Amanda,Sutton,50,Jonesland,PA,48056,Moderately Aggressive,Retail,Roth IRA,327622.85,2022-04-09,11,True
1043,Kimberly,Thomas,65,West Alejandro,GA,49935,Balanced,HNW,Taxable,776407.88,2022-11-01,5,True
1044,Jeffrey,Lynn,50,East Alishaport,New York,77679,Moderately Aggressive,Retail,529,426620.37,2021-07-27,1,True
1045,Tracy,Rice,68,Andreaville,FL,6787,Aggressive,Retail,Roth IRA,394337.31,2016-05-13,13,False
1046,Stacey,Price,50,Lindaside,MD,72809,Moderately Conservative,Retail,Roth IRA,93807.52,2019-10-03,14,False
1047,Melissa,Woods,70,West Albert,FL,67815,Moderately Conservative,Retail,IRA,208071.17,2020-09-14,8,0
1048,Diane,Thomas,47,Brianstad,MI,93234,Conservative,Retail,529,155579.94,2021-03-21,3,True
1049,Erika,Barnes,32,Whitestad,Pennsylvania,61929,Balanced,Retail,Roth IRA,459675.06,2019-01-07,4,True
1050,Joshua,Patterson,29,West Cynthia,NY,11896,Conservative,Retail,529,201917.42,2022-07-30,11,0
1051,Richard,Edwards,70,Lake Christopherbury,AZ,12773,Moderately Conservative,UHNW,Trust,6681992.98,2016-04-27,19,True
1052,Brian,Paul,54,Stokestown,PA,56073,Moderately Aggressive,UHNW,Roth IRA,28164192.03,2020-05-31,1,False
1053,Sarah,Taylor,65,Robertsonside,PA,91973,Aggressive,Retail,Taxable,363181.31,2015-12-31,11,True
1054,Alexander,Lee,52,Lake Ronaldside,New Jersey,98761,Balanced,Retail,Roth IRA,219981.92,2017-10-04,19,True
1055,Virginia,Guerrero,59,New Shaneburgh,MI,88911,Moderately Conservative,HNW,Taxable,939765.53,2022-06-10,23,True
1056,Kathryn,Mckee,49,North Michael,DE,17975,Conservative,Retail,Trust,353800.08,2019-02-09,17,False
1057,Stephanie,Henderson,70,Jacksonville,VA,44797,Balanced,HNW,Roth IRA,4151557.3,2022-04-23,6,True
1058,John,Ryan,51,West Kevinport,CA,35202,Balanced,Retail,Trust,326672.54,2016-09-14,7,False
1059,Joann,Carroll,78,West Sarah,NY,84776,Moderately Aggressive,HNW,Taxable,2736282.7,2019-02-14,18,True
1060,Patricia,Walls,44,Browntown,NY,81179,Balanced,Retail,Taxable,146336.05,2018-09-06,10,True
1061,Kenneth,Rodriguez,53,Pamelaburgh,OH,53200,Balanced,Retail,IRA,498302.46,2017-11-01,20,True
1062,Craig,Vasquez,33,New Willieberg,NJ,54334,Moderately Conservative,HNW,529,3842996.12,2015-12-28,4,True
1063,Tony,Moore,45,Jeremyfurt,PA,49562,Balanced,Retail,Taxable,316339.09,2017-05-24,19,True
1064,Ross,White,58,Danielmouth,MN,86520,Balanced,Retail,Trust,410533.55,2021-09-17,7,True
1065,Evan,Gomez,32,Smithborough,FL,15006,,Retail,Roth IRA,206292.42,2016-07-07,17,True
1066,Billy,Foster,55,Rachelburgh,NY,87821,Conservative,HNW,529,4118570.2,2016-08-04,11,True
1067,Timothy,Ortega,53,Davidfort,CT,72606,Moderately Conservative,Retail,Roth IRA,140034.64,2018-12-18,20,False
1068,Erin,Anderson,70,Shawfurt,New Jersey,17726,Moderately Conservative,UHNW,529,28191615.46,2015-11-17,6,True
1069,Daniel,Smith,68,West Vincent,MD,90211,Moderately Conservative,UHNW,529,44640345.58,11/21/2016,6,True
1070,Erika,Peterson,41,South Timothyport,NJ,64192,Moderately Aggressive,HNW,Trust,3095794.83,2015-08-30,9,yes
1071,Roy,Williamson,62,East Juan,NY,15576,Moderately Conservative,Retail,529,471723.32,2021-11-29,25,True
1072,Virginia,Wright,64,Gonzalezville,NY,92401,Conservative,Retail,Taxable,458076.12,2020-11-03,17,True
1073,Cheryl,Lopez,57,East David,DE,53097,Balanced,UHNW,IRA,14029161.23,2015-04-23,8,yes
1074,Veronica,Hickman,71,Smithborough,NJ,12420,Balanced,UHNW,Roth IRA,11771269.43,2021-11-29,14,True
1075,Omar,Warren,32,East Matthew,PA,63310,Balanced,HNW,IRA,2346171.18,2015-06-29,14,True
1076,Ronald,Williams,46,West Michaelstad,IL,93769,Moderately Conservative,Retail,IRA,170120.64,2018-05-06,9,True
1077,Luis,Williams,43,North Brettmouth,MA,28285,Balanced,Retail,Trust,359084.71,2017-04-13,8,True
1078,Joshua,Obrien,40,Lopezfort,AZ,48156,Conservative,Retail,Taxable,101101.36,2017-09-03,8,True
1079,Daniel,Caldwell,47,West Michael,TX,47868,Balanced,Retail,Trust,408670.14,2020-12-10,16,True
1080,Brianna,Jacobs,55,Lake Joshua,New Jersey,77089,Moderately Conservative,Retail,Trust,301921.25,2018-01-26,21,True
1081,Paige,Anderson,40,North Brendaborough,NJ,25788,Moderately Conservative,HNW,IRA,4575450.3,2020-08-20,9,True
1082,Sara,Jones,44,Kevinfort,AZ,26977,Moderately Aggressive,UHNW,Roth IRA,11139378.3,2019-04-08,22,yes
1083,Eric,Anderson,69,Pierceview,NY,73946,Moderately Conservative,Retail,Taxable,297817.75,2022-10-19,24,True
1084,Patricia,West,29,South Carloschester,CT,69151,,HNW,Taxable,2686288.84,2022-06-13,3,yes
1085,William,Johnson,47,Heatherberg,NY,38466,,HNW,Taxable,1912571.48,2015-05-13,14,True
1086,Ashlee,Bauer,70,Lake Lisa,DE,65385,Moderately Conservative,Retail,Taxable,453547.96,2020-06-22,13,True
1087,Monica,Mata,74,South Karen,NY,50852,Moderately Aggressive,HNW,IRA,4744229.64,07/02/2019,8,True
1088,Peter,Lawson,75,East Adam,CA,75460,Balanced,Retail,529,100369.56,09/28/2016,4,yes
1089,Heather,Suarez,65,Gordonhaven,TX,34426,Balanced,Retail,529,284880.9,2017-06-05,9,True
1090,Jeffrey,Erickson,33,East Jeffreyside,IL,31724,Balanced,Retail,IRA,273403.0,2017-05-02,20,True
1091,Danielle,Mcmahon,79,Saraview,NY,7253,Balanced,Retail,Roth IRA,105024.58,2020-02-20,11,True
1092,John,Colon,75,North Deborahstad,TX,43041,Balanced,Retail,Trust,424550.37,2015-09-01,24,True
1093,Janice,Dunn,55,South Rachel,VA,39153,Moderately Conservative,Retail,IRA,384781.54,2017-08-06,5,yes
1094,Brian,Cabrera,41,Jeffreyview,NY,23666,,Retail,Roth IRA,98066.31,2017-01-17,15,True
1095,Alexis,Sandoval,65,Lake Juliefurt,WA,86199,Moderately Aggressive,Retail,Taxable,233769.0,2017-01-21,16,True
1096,Connie,Munoz,72,Port Scott,OH,43002,Moderately Aggressive,Retail,Taxable,290061.49,2017-02-24,11,True
1097,Bonnie,Morton,58,Moorebury,TX,96158,Moderately Aggressive,Retail,IRA,295585.26,2020-10-22,9,0
1098,Miguel,Barrera,37,South Hunterburgh,MD,23584,Balanced,HNW,Roth IRA,4457450.93,2016-07-05,16,True
1099,Tracy,Blair,80,Andrewburgh,PA,23796,Balanced,HNW,Roth IRA,3720520.53,2021-07-15,1,True
1100,Grace,Lopez,66,North Ronald,PA,60141,Balanced,Retail,Taxable,340428.91,2022-04-09,24,True
1101,Tara,Garcia,31,Lake Karen,PA,2046,Conservative,Retail,IRA,348000.55,2019-10-29,9,True
1102,Nicholas,Smith,47,Port Mariaton,MD,17825,Conservative,Retail,Roth IRA,298727.56,2016-12-26,22,True
1103,Christopher,Thomas,43,Port Tammyville,MA,71590,Balanced,HNW,Trust,1049241.96,2020-11-20,13,True
1104,Matthew,Zimmerman,53,East Timothy,PA,74275,,Retail,Roth IRA,53539.75,2022-02-19,10,True
1105,Lisa,Parker,80,Mooreton,NY,71742,Aggressive,Retail,IRA,90612.65,2020-07-14,10,True
1106,Courtney,Martinez,38,North Amyville,CA,67549,Conservative,HNW,Trust,1446739.21,2022-02-02,21,True
1107,Robert,Smith,79,North Jeremy,TX,51013,Moderately Conservative,Retail,Trust,192732.96,2016-03-06,2,False
1108,Diana,Perez,33,Mcdanielville,NJ,64964,Aggressive,Retail,Trust,173316.44,2016-05-10,16,True
1109,Daniel,Garcia,49,Michaelmouth,CA,16013,Moderately Aggressive,HNW,Trust,3816238.85,2017-11-19,4,False
1110,Sandy,Miller,72,New Edwardchester,PA,70032,Moderately Aggressive,UHNW,Roth IRA,42098038.96,2017-09-05,17,True
1111,Howard,Coleman,54,Colleenport,PA,46164,Balanced,HNW,529,798652.55,2022-01-01,24,False
1112,Joseph,Porter,75,Sarahland,DE,786,Conservative,UHNW,Roth IRA,41604262.18,2021-11-22,15,True
1113,Tiffany,Strickland,76,West Dylan,CA,59050,Balanced,HNW,Taxable,3628445.45,2020-10-08,21,True
1114,Kristen,Mendoza,68,North Beckyview,MD,19462,Aggressive,Retail,Trust,338716.63,2015-09-22,21,True
1115,Wanda,White,53,Gomezfort,NC,56053,,Retail,IRA,111241.5,2018-11-06,21,False
1116,Teresa,Guzman,64,Devonbury,MD,50725,Moderately Conservative,Retail,Taxable,187496.39,2018-05-07,4,yes
1117,Tyler,Ferguson,61,South Christopher,California,94207,Moderately Conservative,HNW,IRA,1210200.98,2018-05-17,20,True
1118,Becky,Steele,78,Lake Christopher,TX,47910,Conservative,Retail,Roth IRA,358589.02,2015-01-09,15,True
1119,Victoria,Smith,75,Rosarioville,Georgia,8309,Balanced,HNW,IRA,2652644.66,2022-04-16,9,True
1120,Michael,Atkinson,65,West Steven,TX,72787,Moderately Aggressive,Retail,Roth IRA,128065.56,2022-10-09,10,True
1121,Robin,Sanchez,54,North Julie,MA,15867,Moderately Aggressive,Retail,Roth IRA,139398.67,2022-09-11,6,True
1122,Jane,Bennett,52,Lake Tammiestad,New Jersey,7589,Conservative,Retail,529,227072.38,2020-08-10,8,True
1123,Elizabeth,Jones,29,North Dylan,IL,19018,Conservative,HNW,529,593305.87,2015-08-19,21,True
1124,Chris,Carroll,42,Hernandezburgh,NY,62074,Balanced,Retail,Taxable,325401.42,2020-12-11,15,True
1125,Kaitlin,Hale,72,Theodoremouth,Florida,58693,,HNW,IRA,1392197.91,2021-04-01,2,True
1126,Heather,Mitchell,55,North Nicole,Pennsylvania,4710,Balanced,Retail,529,230465.71,2019-10-31,9,True
1127,Glenn,Martin,51,Wallmouth,PA,73135,,Retail,IRA,117163.04,2020-09-09,19,True
1128,Jonathan,Armstrong,73,Jennachester,NY,21053,Balanced,Retail,529,102807.73,2017-03-05,14,True
1129,Christopher,Gray,57,Lake Jason,IL,81640,Balanced,Retail,Trust,398011.69,2015-06-13,4,True
1130,Philip,Carson,41,Port Heatherfort,CA,41551,Moderately Conservative,HNW,IRA,1510177.77,2020-03-21,9,True
1131,Richard,James,59,Port Nathanchester,PA,26024,Balanced,Retail,Trust,179582.89,2017-02-27,5,True
1132,Dan,Cox,41,Anthonyport,TX,21834,,UHNW,529,24408886.5,2019-05-01,7,True
1133,Cameron,Harper,46,Jacobborough,FL,84175,Balanced,HNW,IRA,4978433.52,2022-06-07,14,True
1134,John,Miller,78,New Valeriefort,Massachusetts,6488,Conservative,HNW,IRA,1311664.42,2015-05-21,1,yes
1135,Christopher,Parker,44,Karenfurt,NJ,66065,Balanced,HNW,IRA,1805868.33,2016-07-23,20,True
1136,Karen,Swanson,43,Lake Emily,PA,43927,Balanced,UHNW,Roth IRA,25293951.12,2018-04-04,19,True
1137,Judith,Garcia,57,North Brenda,NJ,50585,Moderately Conservative,HNW,Taxable,3579201.89,2018-10-25,1,True
1138,Misty,Johnson,48,East Faith,New Jersey,10823,Conservative,UHNW,Trust,26099672.36,2022-01-29,22,True
1139,Christopher,Higgins,52,Port Erin,CO,18964,,Retail,Trust,145497.95,2021-02-23,24,True
1140,Eugene,Stuart,32,Sethberg,PA,44937,,Retail,Taxable,318738.17,2017-04-29,18,True
1141,Cindy,Bentley,49,  LAKE KIMFURT  ,NY,31841,Balanced,HNW,IRA,764385.41,2016-09-01,16,True
1142,Cheryl,Jones,66,New Courtney,NY,65712,Moderately Conservative,UHNW,529,45870194.18,2015-10-12,23,yes
1143,Alexis,Miranda,30,Amyland,NJ,65894,Aggressive,Retail,Taxable,386708.83,2015-10-02,9,True
1144,Lee,Villa,52,North Joshua,PA,48123,Balanced,HNW,Roth IRA,2770438.99,2017-10-29,13,yes
1145,Charles,Page,36,Scottfort,MN,34058,Balanced,Retail,529,352067.91,2021-02-07,2,False
1146,Scott,Glass,44,New Tracystad,NY,38069,Conservative,HNW,IRA,3112191.09,2018-03-17,17,True
1147,Melody,Stark,49,South Michael,PA,82372,Conservative,Retail,Trust,271777.92,2022-08-12,5,True
1148,Nathaniel,Fleming,73,Bakerton,PA,81846,Conservative,HNW,529,903415.91,2022-10-26,14,True
1149,Brian,Gibbs,35,East Melissaport,Pennsylvania,49760,Conservative,Retail,Roth IRA,113808.08,2016-04-07,2,False
1150,Reginald,Jones,59,Sawyerland,NY,46236,Balanced,HNW,Roth IRA,4903324.71,2018-09-22,24,True
1151,Dawn,Mccullough,55,Rodriguezburgh,CA,96416,Balanced,HNW,Roth IRA,2122664.94,2015-11-13,9,True
1152,Susan,Sanders,76,Gonzalezmouth,MD,8951,Moderately Aggressive,Retail,Roth IRA,325819.21,2017-07-15,17,True
1153,Wendy,Tucker,38,Wilsonmouth,MI,5518,Conservative,HNW,Roth IRA,1908546.42,2019-05-12,24,True
1154,Stacy,Thomas,76,West Ashley,MN,79285,Aggressive,HNW,IRA,4975542.8,2021-03-11,18,True
1155,Bryan,Stokes,70,Irwinborough,OH,7589,Conservative,Retail,Trust,433865.15,2016-09-09,2,yes
1156,Andrew,Blake,31,Nelsonburgh,NY,11457,Balanced,UHNW,IRA,13501397.98,2016-02-19,6,True
1157,Joshua,Miller,44,Savagehaven,NY,28564,Moderately Aggressive,Retail,IRA,66138.01,2020-05-10,23,False
1158,Jordan,Rivas,35,South Matthewport,New Jersey,22066,Moderately Aggressive,UHNW,Trust,26020977.79,2016-08-03,2,True
1159,Sheri,Olson,73,Lake Samuel,PA,91320,Moderately Conservative,Retail,529,248683.86,2019-07-24,16,True
1160,Mackenzie,Hoffman,35,North Jennifer,California,76324,Moderately Conservative,HNW,IRA,2559918.67,2019-12-06,4,True
1161,Mario,Downs,41,Alexismouth,NY,19832,Balanced,Retail,Roth IRA,207321.94,2018-12-29,6,True
1162,Leslie,Conner,75,Bakertown,NJ,59556,Balanced,HNW,529,4257291.47,2022-07-18,9,True
1163,Meredith,Walters,70,North Jefferyborough,PA,55574,Conservative,Retail,529,303461.33,2020-07-27,7,True
1164,Kim,Burke,28,West Jason,MA,25556,Aggressive,Retail,529,312596.33,2022-10-09,25,True
1165,Barbara,Smith,54,Allenport,TX,66310,Aggressive,Retail,Taxable,306854.52,2021-07-20,8,True
1166,David,Porter,71,Gutierrezstad,OH,46666,Conservative,Retail,Taxable,395714.04,2021-08-16,11,False
1167,Ronald,Dickson,71,Danielburgh,PA,60639,Moderately Conservative,UHNW,Taxable,6168297.59,2018-06-05,13,True
1168,Gregory,Larson,34,Jameschester,MA,83614,Moderately Conservative,Retail,Roth IRA,218101.24,04/07/2017,5,True
1169,Christine,Buckley,57,North Lindaville,MI,12250,Balanced,Retail,Trust,62993.53,03/12/2020,15,True
1170,Christina,Jenkins,45,Bradyside,MI,13569,Moderately Aggressive,Retail,529,332760.53,2020-01-25,22,True
1171,Wesley,Shaffer,30,Melissaborough,PA,29714,Conservative,Retail,529,52612.41,2021-03-19,15,True
1172,Andrea,Wilson,74,Sampsonstad,VA,61311,Moderately Aggressive,UHNW,529,19621196.07,2018-04-21,5,True
1173,Lori,Padilla,31,Smithstad,IL,29852,Conservative,HNW,Roth IRA,1451150.87,2019-01-22,11,True
1174,Joseph,Hopkins,75,Marychester,PA,88751,Moderately Conservative,HNW,Taxable,4091661.37,2016-12-06,18,True
1175,Rachel,Perry,52,North Ericstad,MD,68522,Moderately Aggressive,UHNW,Taxable,47835508.49,2021-07-23,13,True
1176,Carol,Rogers,43,Allenfurt,FL,25753,Moderately Aggressive,HNW,Trust,1648237.56,2019-12-06,3,True
1177,Phillip,Williams,41,Andersonfurt,TX,95936,Balanced,HNW,IRA,592304.16,2016-05-22,13,True
1178,Rebecca,Holmes,46,Hallberg,PA,66594,Moderately Aggressive,Retail,IRA,400771.65,2015-12-12,4,True
1179,Barbara,Myers,79,Maryburgh,IL,42759,Moderately Conservative,Retail,Trust,184346.0,2016-08-18,24,True
1180,Christopher,Kim,47,North Christine,AZ,71761,,Retail,529,412858.94,2022-05-13,5,True
1181,Christian,Reyes,34,South Cynthia,IL,47440,Conservative,Retail,Roth IRA,211569.92,2016-06-28,17,True
1182,Denise,Walker,56,New Mary,FL,95700,Balanced,Retail,Trust,139942.07,2021-03-28,16,True
1183,Kristi,Townsend,66,West Christopherberg,DE,82740,Moderately Aggressive,Retail,Trust,170815.73,2015-03-09,3,True
1184,Traci,Camacho,79,South Saraville,New Jersey,14535,Moderately Aggressive,HNW,Roth IRA,3904207.9,2016-02-19,20,True
1185,Jose,White,68,South Meganborough,NJ,51723,Balanced,Retail,Trust,133860.12,2015-10-22,3,True
1186,Laura,Gutierrez,49,Chungland,NJ,28064,,Retail,Trust,68197.14,2020-06-30,22,True
1187,Nicholas,Edwards,71,Stokesburgh,VA,39659,Moderately Conservative,Retail,IRA,150903.6,2015-01-30,16,True
1188,Guy,Bradley,69,North Theresastad,MI,63928,,Retail,529,287275.42,2022-12-16,3,True
1189,Carol,Smith,55,Saraborough,CO,79945,Moderately Aggressive,Retail,Taxable,180816.36,2015-03-28,16,True
1190,Andrew,Hunt,36,East Michelle,FL,15546,Balanced,HNW,Roth IRA,1851769.65,2022-03-09,8,True
1191,Anthony,Taylor,46,Lake Heatherberg,NJ,35574,Aggressive,Retail,529,285391.43,2017-03-10,2,True
1192,James,Davis,30,Stuartfort,NC,57656,Balanced,UHNW,529,29794744.84,2019-02-06,4,True
1193,Ricardo,Lee,54,East Gloria,NY,94531,Conservative,Retail,Taxable,279793.21,2017-04-01,15,True
1194,Philip,Silva,64,Gabrielborough,OH,95142,Moderately Conservative,Retail,Roth IRA,347384.86,2018-11-25,12,True
1195,Nicole,Henderson,33,Lisaville,WA,80100,Moderately Aggressive,Retail,529,164687.09,2018-01-23,1,True
1196,James,Gomez,70,South Garyton,PA,67525,Aggressive,Retail,Trust,101270.97,2017-01-09,6,True
1197,Robert,Munoz,53,Raymondville,FL,24081,Conservative,Retail,Taxable,403779.69,2021-06-21,3,False
1198,Ruben,Lopez,73,North Jason,TX,49215,Moderately Conservative,Retail,Roth IRA,237313.2,2017-12-22,11,True
1199,Kimberly,Martinez,57,Haleymouth,CA,28520,Balanced,HNW,Trust,3142437.75,2018-09-21,20,True
1200,Laura,Roach,49,South Justinborough,NY,69610,Moderately Conservative,Retail,IRA,413525.33,2016-09-27,7,False
1201,Ann,Moran,75,New Patriciachester,IL,89909,,Retail,529,133289.33,2021-01-17,9,True
1202,Louis,Flores,34,North Leah,NJ,65860,Balanced,Retail,Trust,442227.11,2015-05-17,18,True
1203,Joshua,Wilson,53,Jacksonmouth,GA,77986,Aggressive,Retail,Taxable,58061.85,2018-01-23,1,True
1204,Barbara,Mitchell,58,South Justinfurt,PA,5351,Balanced,Retail,Trust,127280.91,2022-03-01,23,True
1205,Samantha,Williams,70,North Terrychester,PA,95299,Moderately Aggressive,Retail,529,232291.22,2017-05-29,24,True
1206,Logan,Reed,67,New Kimfort,TX,80759,Moderately Conservative,Retail,529,269025.12,2015-05-18,12,True
1207,Kenneth,Riggs,72,Allisonville,MA,49509,Balanced,HNW,Trust,3607980.31,2022-07-02,10,False
1208,Curtis,Walker,36,East Danielmouth,OH,90625,Balanced,Retail,Taxable,89435.81,2020-10-16,7,True
1209,Jeremy,Miller,29,Lisaside,PA,1148,Aggressive,UHNW,IRA,10036062.61,2022-06-21,1,True
1210,Miranda,Green,69,North Brandonport,New Jersey,10336,Moderately Aggressive,HNW,IRA,1441532.66,2017-02-09,21,True
1211,Hailey,Conner,68,Nelsonburgh,AZ,18557,Conservative,Retail,529,158801.1,2019-09-01,7,True
1212,David,Flores,77,Port Breanna,FL,54672,Balanced,Retail,Trust,88742.1,2020-02-04,5,True
1213,Elizabeth,Boyd,29,New Timothy,PA,64739,Conservative,UHNW,Taxable,26329508.94,2022-10-22,6,True
1214,Marc,Simon,75,North Joseph,WA,39329,Balanced,Retail,Trust,456086.9,2020-09-08,16,True
1215,Michael,Houston,56,Lake Deborah,NC,27487,Balanced,Retail,529,262170.14,2020-07-22,8,True
1216,Charles,Simpson,64,North Ellen,CA,61862,Balanced,Retail,Trust,140602.29,07/18/2021,2,True
1217,Jacob,Garcia,34,Port Brittany,PA,69660,Balanced,Retail,Trust,200232.53,2019-02-10,14,True
1218,Lawrence,Blackburn,75,Rioshaven,FL,14350,Conservative,HNW,529,4318773.17,2022-04-24,20,False
1219,Jeffery,Cox,46,Parrishhaven,PA,27111,Balanced,Retail,Taxable,378985.35,2021-03-28,16,True
1220,Jacob,Ramirez,60,Lake Kurt,MA,76161,Aggressive,HNW,529,2298561.68,2020-03-08,24,True
1221,Dylan,Walter,71,East Allenmouth,IL,25015,Conservative,Retail,Trust,325172.88,2017-02-18,8,0
1222,Thomas,Schmidt,61,Josephside,PA,11519,Balanced,Retail,Taxable,371430.65,2017-11-01,14,True
1223,Jason,Sanders,63,Romeroton,PA,58348,Conservative,HNW,Taxable,3093815.08,2017-03-07,9,True
1224,Corey,Wong,54,Leeborough,Pennsylvania,53282,Moderately Aggressive,HNW,Trust,4517947.38,2016-05-30,4,True
1225,Joshua,Lawson,69,Rodriguezton,NY,85218,Moderately Aggressive,HNW,Roth IRA,2726549.6,2016-12-28,15,True
1226,Daniel,Wilson,29,New Josephland,NJ,70248,Moderately Aggressive,HNW,IRA,3638814.98,2015-10-23,10,True
1227,Jeremy,Oliver,58,Myersville,CT,29322,Balanced,Retail,Roth IRA,376794.11,2020-11-13,15,yes
1228,Natasha,Adams,42,East Kristi,PA,46065,Moderately Aggressive,Retail,529,154446.4,2020-02-04,22,True
1229,Janice,Roberts,66,North Jacksonfort,VA,97375,Moderately Aggressive,Retail,Trust,202618.85,06/10/2017,5,False
1230,Rebecca,Allen,74,Erinburgh,AZ,25056,Balanced,Retail,Trust,447428.03,2017-08-28,14,True
1231,Spencer,Rivers,71,Pattersontown,VA,23768,Balanced,HNW,Roth IRA,4248863.36,2022-10-17,16,True
1232,Nicole,Jackson,38,New Michaelfort,MA,76936,Balanced,HNW,529,4098897.77,2015-01-03,7,True
1233,Morgan,Kennedy,75,Port Andreport,FL,30423,Moderately Conservative,Retail,Taxable,177105.75,2019-03-15,22,True
1234,Gary,Thomas,39,North Kevinmouth,NY,59826,Conservative,Retail,IRA,267300.39,2018-12-04,6,True
1235,Michael,Gardner,34,Kingmouth,NY,2278,Conservative,UHNW,Trust,32258705.33,2021-08-14,16,0
1236,Kevin,Cook,41,Rodriguezhaven,PA,95949,Moderately Conservative,Retail,529,186643.35,2020-02-12,2,True
1237,Dylan,Jenkins,50,Lake Virginia,NY,47319,Balanced,Retail,Roth IRA,499667.55,2018-12-25,12,False
1238,John,Figueroa,39,Howardland,NJ,25908,Moderately Conservative,Retail,529,354617.54,2022-05-13,2,True
1239,Nicholas,Rodriguez,49,Natalieside,NJ,59387,Moderately Aggressive,HNW,Trust,4130669.94,2022-11-23,4,True
1240,Nancy,Thompson,35,Pamelafurt,OH,77721,Moderately Conservative,Retail,529,327903.31,05/03/2018,8,True
1241,Victoria,Parker,49,New Abigailmouth,IL,80765,Conservative,Retail,Roth IRA,268864.38,2015-12-26,25,True
1242,Laura,Knight,63,Keithtown,CT,65896,Moderately Conservative,Retail,Roth IRA,71004.36,2022-06-01,5,True
1243,Dylan,Becker,60,Cindyburgh,CO,40300,Conservative,Retail,529,434033.67,2018-11-23,22,True
1244,Calvin,Phillips,31,Williamsport,PA,78236,Conservative,Retail,Trust,96863.91,2015-12-27,15,False
1245,Tracy,Smith,76,Donnatown,NY,7041,Aggressive,UHNW,Taxable,48319119.91,2017-01-04,4,True
1246,Michael,Campbell,67,North Jennifer,CA,19197,Balanced,Retail,Taxable,401743.58,2022-12-19,18,False
1247,James,Richards,34,West Jefferyfort,TX,46983,Conservative,Retail,IRA,68886.25,2016-12-27,21,True
1248,Erika,Hughes,41,Rasmussenville,Michigan,34744,Moderately Aggressive,Retail,Roth IRA,103126.71,2022-05-11,6,True
1249,Carla,Thompson,73,Sheltonmouth,NY,76282,Conservative,Retail,Trust,377757.18,2016-02-11,25,True
1250,Katrina,Wright,74,Spencerport,IL,40477,Balanced,Retail,Taxable,277653.48,2015-09-08,5,True
1251,Ashley,Fuller,49,South Kimberly,PA,57765,Balanced,Retail,IRA,341191.84,2015-10-08,4,yes
1252,Alisha,Benson,56,Taylorchester,OH,61652,Balanced,HNW,Trust,4318677.91,2018-05-13,25,True
1253,Robert,Johnson,43,Port Robertberg,GA,81137,Moderately Aggressive,Retail,Trust,396064.92,2022-04-02,11,True
1254,Kristin,Carpenter,38,Davidside,VA,74631,Balanced,Retail,Taxable,179041.23,2022-01-08,9,False
1255,Brian,Bruce,76,South Elizabeth,NC,61162,Conservative,Retail,Trust,217596.36,2021-06-16,12,True
1256,Nancy,Stevens,43,North Brianville,PA,44211,Moderately Aggressive,Retail,IRA,333248.18,2019-10-03,25,True
1257,Lynn,Cunningham,54,Michelleville,MA,97556,Conservative,Retail,IRA,389078.23,2019-09-04,5,True
1258,William,Love,54,New Douglas,NY,97549,Moderately Conservative,Retail,Trust,410795.91,2022-09-26,15,True
1259,Derek,Jacobson,61,West Courtney,MI,94760,,Retail,Roth IRA,478328.24,2022-11-29,1,True
1260,Adam,Washington,77,North Carlos,TX,20557,Conservative,Retail,Taxable,249160.41,2019-10-30,23,True
1261,David,Davis,32,North Thomas,NC,66797,Balanced,Retail,Taxable,412811.09,2018-07-20,11,True
1262,Brian,Martinez,77,Webbburgh,NY,31293,Balanced,Retail,IRA,191662.06,2021-09-24,14,True
1263,Amy,Underwood,76,Villarrealville,MN,57170,Conservative,Retail,Taxable,77660.75,2016-03-03,22,yes
1264,Andrew,Thomas,37,East William,NY,92202,Conservative,HNW,529,4651334.88,2019-05-16,2,True
1265,Thomas,Roberts,73,New Trevorview,TX,51774,,HNW,529,4899798.39,2018-01-31,10,False
1266,Lauren,Marshall,71,Hernandezport,PA,60411,Moderately Conservative,HNW,529,2386873.84,2015-12-17,10,True
1267,Pedro,Carpenter,48,Lake Debramouth,PA,6088,,Retail,Roth IRA,374697.97,2022-04-06,1,True
1268,Michael,Taylor,61,Hillburgh,Texas,47391,Conservative,UHNW,529,42215160.0,2019-01-02,5,False
1269,Michelle,Clark,56,Palmerburgh,NY,86473,Balanced,Retail,IRA,365132.78,2016-03-18,18,True
1270,Diana,Hart,67,Espinozaberg,PA,36983,Balanced,Retail,Trust,330961.86,2021-04-11,23,True
1271,Dominique,Mclean,79,Port Deannafurt,OH,62334,Conservative,HNW,Trust,2053627.76,2019-11-05,25,True
1272,Henry,Erickson,47,Davidmouth,PA,77683,Moderately Aggressive,Retail,Taxable,138783.09,2022-08-22,2,True
1273,Michael,Williamson,52,Jonestown,NY,96560,Conservative,Retail,IRA,291845.07,2016-04-09,17,0
1274,Colin,Rodriguez,46,Morrisbury,MI,96530,,Retail,IRA,496365.79,2021-05-12,3,True
1275,Daniel,Gilmore,47,Camposchester,CO,8938,Balanced,Retail,529,280252.22,2015-06-30,11,True
1276,John,Johnson,38,South Kathryntown,MA,23316,Balanced,Retail,Taxable,390670.85,2017-07-27,1,True
1277,Holly,Gray,62,East Johnny,GA,57846,Aggressive,HNW,529,4506437.02,2020-06-05,9,True
1278,Jeremiah,Harmon,77,Cervantesborough,IL,11775,Moderately Aggressive,Retail,Roth IRA,158602.9,2019-08-28,24,True
1279,Crystal,Barnett,60,North Lisa,OH,1187,Moderately Aggressive,Retail,Taxable,240235.65,2017-11-16,24,True
1280,Ricky,Payne,51,West Jacobhaven,NJ,65535,Moderately Conservative,Retail,Roth IRA,76975.58,2016-07-09,21,True
1281,Jared,Carey,35,Michaelside,NC,18572,Balanced,Retail,Taxable,278374.72,2021-05-30,25,True
1282,Scott,Garrett,35,New Christianhaven,NJ,39590,Conservative,HNW,Trust,3429330.89,2015-10-22,10,True
1283,Victor,Williams,28,Andrewport,MN,33450,Moderately Aggressive,Retail,Trust,307595.88,2018-02-14,11,True
1284,Michael,Brennan,79,West Charles,PA,75914,Moderately Conservative,UHNW,529,49232775.31,2016-12-06,19,True
1285,April,Carr,68,Reginaldton,WA,72058,Conservative,Retail,529,371591.2,07/30/2020,20,True
1286,Daniel,Ruiz,47,Deniseton,TX,44809,Moderately Conservative,Retail,Roth IRA,155227.05,2018-05-15,22,True
1287,James,Barron,73,East Jamesmouth,NJ,99767,Moderately Aggressive,HNW,529,4031551.68,04/21/2020,22,True
1288,Natalie,Young,52,Port Stacyton,CA,45831,Moderately Conservative,HNW,529,1129871.72,2022-11-05,24,True
1289,Stephanie,George,48,New Timothyberg,DE,35957,,HNW,529,1614349.99,2020-10-13,19,True
1290,Dalton,Crawford,77,Lake Michael,NY,63100,Aggressive,Retail,Roth IRA,136649.87,2017-06-05,15,True
1291,Melissa,Mata,73,North Anthonyborough,GA,70517,Moderately Conservative,HNW,Trust,940945.24,2019-11-12,14,True
1292,Nicolas,Sutton,31,New Timothyfurt,NY,49945,Moderately Aggressive,HNW,Trust,868762.24,2020-07-24,5,0
1293,Russell,Simmons,56,North Samuel,OH,81195,Moderately Conservative,Retail,Taxable,264313.88,2022-11-09,12,True
1294,Michael,Lee,53,Hullbury,NY,30914,,Retail,529,354570.1,2015-09-26,18,0
1295,Alejandro,Gutierrez,53,Port Alexisbury,NC,7956,Balanced,Retail,Roth IRA,283525.25,2015-08-12,19,True
1296,David,White,55,West Michaelbury,WA,38828,Moderately Aggressive,Retail,Trust,274472.29,01/14/2016,23,True
1297,Raymond,Sandoval,59,North Johnside,PA,27483,Balanced,HNW,Trust,4689660.23,2018-12-16,6,True
1298,Jill,Kelly,36,South Jennifer,NY,48595,Conservative,Retail,Trust,114955.78,2021-03-28,23,True
1299,Kelly,Valdez,73,Luisside,DE,66488,Balanced,UHNW,529,25597076.01,2015-11-01,17,True
1300,Michael,Jenkins,41,Ramirezborough,CA,18475,Balanced,Retail,Trust,103126.17,2021-09-23,16,True
1301,Abigail,Torres,38,North Nathan,IL,19108,Conservative,Retail,529,64673.33,2015-04-15,12,True
1302,Joe,Alexander,35,Bentontown,NJ,65893,Moderately Conservative,Retail,529,464763.81,2021-09-08,14,True
1303,Joseph,Chapman,51,Margaretland,MA,8328,Balanced,HNW,529,996512.73,2017-03-26,10,True
1304,Chelsea,Simpson,37,Cruzton,MN,29919,Balanced,Retail,Taxable,68126.96,2016-08-23,12,True
1305,Jack,Jordan,51,Lake Kevinside,Virginia,46088,Conservative,Retail,Roth IRA,187216.07,2022-06-30,10,True
1306,Renee,Webster,78,Sandraview,MN,99239,Balanced,UHNW,IRA,26866649.32,2019-09-23,5,0
1307,Katherine,Peterson,54,Glennton,CA,14815,Conservative,UHNW,Taxable,40270662.51,2019-06-05,10,True
1308,Stephanie,Randolph,41,Micheleside,MD,61253,Balanced,Retail,IRA,450075.74,2018-05-23,24,True
1309,Jennifer,Mack,35,Franciscofurt,PA,61755,Balanced,Retail,529,269957.15,2020-12-17,12,True
1310,Sandy,Anderson,30,West Laurenview,New York,11712,Aggressive,HNW,Trust,804040.42,2022-12-27,16,True
1311,Kelsey,Phillips,64,Johnsonview,PA,47909,Moderately Aggressive,Retail,Trust,307876.59,2017-02-24,11,True
1312,John,Delgado,58,North Kurtmouth,GA,35171,,UHNW,529,40160720.7,2021-10-11,5,True
1313,Scott,Smith,60,South Benjaminstad,NJ,63442,Balanced,Retail,Trust,392878.05,2020-02-06,25,True
1314,Angela,Ortiz,56,West Pennyside,IL,41661,Moderately Conservative,Retail,IRA,252468.23,2022-08-16,24,True
1315,Scott,Scott,79,Jordanfort,DE,17176,Moderately Aggressive,Retail,529,196347.33,2016-10-26,22,True
1316,Greg,Pitts,52,East Dannyton,NJ,24651,Balanced,UHNW,IRA,33061526.33,2020-06-22,13,True
1317,Michelle,Riley,30,New Jenniferton,CT,94158,Balanced,Retail,Trust,202549.05,2022-12-07,24,True
1318,Theresa,Smith,33,Amberton,CT,79220,Conservative,Retail,IRA,174818.79,2016-11-16,23,True
1319,Daniel,Hunter,68,New Chrisborough,NY,43202,Balanced,Retail,Roth IRA,61161.84,2019-07-25,18,False
1320,Maria,Becker,69,Lake Ronaldport,NY,19254,Moderately Aggressive,Retail,529,340321.85,2015-03-14,3,True
1321,Catherine,Ward,67,Merrittstad,DE,62194,Moderately Conservative,Retail,529,136592.03,2022-07-15,19,True
1322,Kelly,Johnson,64,Bradleyberg,Virginia,77994,Aggressive,HNW,529,3909268.24,2015-03-16,7,True
1323,Chelsea,Morton,60,Shelbyfurt,NJ,76874,Balanced,Retail,Taxable,387751.36,2015-04-06,4,True
1324,Jessica,James,62,North Susanbury,Illinois,74609,Moderately Conservative,UHNW,IRA,34621448.64,2019-01-10,1,True
1325,Autumn,Kelley,41,Ryanville,WA,69675,Moderately Aggressive,HNW,IRA,1737331.38,2021-05-20,23,True
1326,Catherine,Hopkins,65,Stewartborough,FL,75899,,HNW,Trust,4275128.48,2017-05-06,3,True
1327,John,Sanchez,66,Jerrymouth,NC,98567,Moderately Conservative,Retail,Roth IRA,413114.46,2022-10-11,13,True
1328,Heather,Wallace,59,Coxstad,PA,73961,Balanced,HNW,Taxable,3150018.62,2019-01-16,11,0
1329,Robin,Valdez,54,South Kristie,VA,30616,Conservative,UHNW,Taxable,24665783.89,2019-07-22,17,True
1330,Margaret,Martinez,44,Port Regina,MI,88857,Balanced,HNW,Taxable,1928220.96,2019-09-05,4,True
1331,Devin,Green,62,Matthewville,NJ,11184,Balanced,UHNW,IRA,49090375.11,2018-04-08,10,True
1332,William,Hernandez,44,Chenborough,NY,24082,Moderately Conservative,Retail,Taxable,114815.41,2022-01-03,5,True
1333,Alexis,Martinez,54,Kathyfort,NJ,97868,Moderately Aggressive,UHNW,IRA,18805739.83,2015-10-23,2,0
1334,Molly,Bass,48,Lake Garyland,Pennsylvania,17852,Aggressive,Retail,IRA,326513.94,2019-02-13,1,True
1335,Allison,Hughes,47,Gomezfurt,MA,91848,Balanced,HNW,Trust,3709852.81,2019-06-15,4,False
1336,Jennifer,Wilson,54,Brittanyville,WA,95158,Balanced,HNW,Roth IRA,1940186.59,2015-05-13,9,True
1337,Joanne,Kelly,80,Lozanomouth,PA,97585,Balanced,Retail,Taxable,218980.92,2021-09-04,2,True
1338,Keith,Woods,76,Lake Isaac,Pennsylvania,77775,Conservative,HNW,529,1411517.56,2022-04-30,19,True
1339,Sharon,Miller,60,New Brittanymouth,NY,50226,Balanced,UHNW,529,15642100.29,2017-07-24,13,True
1340,Gregory,Sharp,45,Shirleyville,NY,30944,Balanced,HNW,Taxable,4772106.75,2017-05-18,11,True
1341,Matthew,Elliott,54,Mitchellfurt,PA,42257,Moderately Conservative,UHNW,Taxable,25917059.0,2021-01-21,16,True
1342,Stephanie,Williams,68,South April,OH,75885,Moderately Conservative,Retail,IRA,63007.9,2022-01-13,1,True
1343,Leonard,Reed,65,North Keith,PA,64285,Conservative,Retail,Taxable,171121.88,2018-07-06,8,True
1344,Nicole,Roberts,69,Vanessaville,CO,30867,Moderately Aggressive,HNW,IRA,3933402.34,2020-04-30,10,True
1345,Donald,Clark,56,North Carmen,OH,5710,Moderately Aggressive,Retail,Taxable,305710.54,2022-09-04,21,yes
1346,Amber,Lloyd,78,South Marissatown,NJ,48937,Moderately Aggressive,Retail,IRA,275194.57,2016-08-16,12,True
1347,Shelly,Duncan,38,Meyermouth,PA,39159,Moderately Conservative,UHNW,IRA,29319788.96,2022-05-05,18,0
1348,Jennifer,Calhoun,63,South Pamelafort,NJ,34980,Conservative,HNW,Trust,4786756.82,2015-09-11,2,0
1349,Derrick,Ramirez,57,West Lindabury,MA,95837,Moderately Conservative,Retail,529,50450.48,2015-08-06,10,True
1350,Eric,Rogers,38,Mccoyhaven,GA,88592,Aggressive,Retail,Taxable,343876.48,2021-03-19,2,True
1351,Jasmine,Edwards,58,South Craighaven,NJ,42119,Balanced,Retail,Roth IRA,470078.07,2016-07-10,20,True
1352,Angela,Monroe,71,Lake Courtneybury,FL,18441,Conservative,Retail,Trust,162900.03,2019-09-09,12,True
1353,Monica,Robinson,41,West Theodore,NJ,64006,Balanced,UHNW,529,42909740.27,2021-07-05,17,True
1354,Jessica,Campbell,38,Lake Nancy,VA,68174,Conservative,Retail,529,176590.08,2021-11-08,19,True
1355,Kara,Smith,33,South Angelaborough,NC,93560,Balanced,Retail,Trust,81470.85,2016-06-04,23,True
1356,Robert,Baker,36,Welchbury,CA,84087,Moderately Conservative,HNW,529,1053396.34,2017-10-15,9,True
1357,Alyssa,Best,41,Maryport,AZ,88053,Moderately Conservative,HNW,529,4452256.82,2018-11-17,17,yes
1358,Laura,Myers,48,Amyport,FL,13153,Conservative,Retail,Roth IRA,480837.73,2016-10-01,21,True
1359,Sydney,Prince,76,Robertmouth,Florida,43151,Moderately Conservative,HNW,Trust,1676122.4,2016-12-23,9,True
1360,Roger,Thompson,48,Donnastad,PA,91854,Conservative,Retail,Roth IRA,160667.73,2018-03-08,7,True
1361,David,Khan,66,Burkebury,CA,4297,Aggressive,Retail,Roth IRA,256909.7,2017-04-29,1,yes
1362,William,Wu,36,Brownmouth,FL,34790,Moderately Aggressive,Retail,Taxable,461308.21,2020-05-25,20,False
1363,Robert,Lamb,28,Rosston,PA,35669,Balanced,HNW,IRA,2644380.28,2018-11-19,14,True
1364,Jeffery,Fields,72,West Sethbury,PA,75540,Conservative,Retail,Trust,300105.79,2022-01-01,25,True
1365,Amanda,Chan,33,New Cherylberg,NY,79794,Moderately Conservative,Retail,Taxable,226755.99,2019-04-26,18,True
1366,Stephanie,Smith,80,Davismouth,NJ,46730,Conservative,HNW,Trust,639263.84,2021-02-17,22,True
1367,Angela,Pena,80,West Amanda,FL,21078,,UHNW,Trust,10553701.64,2021-09-14,20,yes
1368,Randall,Robbins,39,Lauriestad,OH,43951,Balanced,Retail,Taxable,211084.58,2018-04-22,4,True
1369,Angela,Wright,40,North Meganhaven,NC,13938,Aggressive,Retail,Trust,258211.64,2019-01-04,1,True
1370,Lacey,Williams,29,Kevinbury,IL,83280,Moderately Conservative,HNW,Roth IRA,1496843.44,2021-03-06,22,True
1371,John,Nelson,50,Port Kristenfurt,CA,17696,Conservative,Retail,IRA,464629.41,2021-07-18,3,True
1372,Nancy,Atkins,68,North Williamchester,CA,3142,Conservative,Retail,Roth IRA,417326.37,2015-02-13,23,True
1373,Maria,Jacobs,59,North Jill,North Carolina,51766,Moderately Aggressive,Retail,Roth IRA,149516.46,2016-07-21,2,True
1374,Catherine,Collins,73,Ronaldtown,California,40104,Balanced,HNW,529,1763403.61,2017-03-11,7,True
1375,James,Baker,80,Bennettchester,PA,12698,Balanced,Retail,Trust,53210.93,2016-10-11,4,True
1376,Richard,Ramirez,64,Rebeccaside,NY,66901,Aggressive,HNW,529,4414623.05,2016-12-15,16,True
1377,Andre,Crawford,40,Beanside,MD,94162,Moderately Aggressive,Retail,529,126714.69,2015-11-13,22,True
1378,Jeffrey,Hester,64,Wisemouth,GA,48974,Moderately Conservative,Retail,IRA,357072.62,2018-10-24,3,True
1379,Daniel,Collins,75,Port Crystal,GA,11463,,HNW,Taxable,3146740.63,2015-10-06,5,True
1380,Gary,Hancock,64,Watkinsland,CT,19025,Moderately Conservative,Retail,IRA,166831.02,2018-03-23,17,True
1381,Mary,Mills,45,North Katrina,DE,33534,Moderately Conservative,Retail,IRA,378004.49,2018-04-18,22,True
1382,Joy,Flowers,72,West Hannahchester,NY,1231,Balanced,Retail,529,60402.88,2017-02-22,20,True
1383,Jason,Hart,63,Gardnermouth,IL,85961,Moderately Aggressive,Retail,Trust,163814.48,2016-11-19,1,True
1384,Steven,Webb,69,North Ronaldland,IL,49742,Conservative,Retail,Taxable,472050.67,2016-01-07,11,True
1385,Alexander,Meyer,54,East Jamesville,MA,5620,Moderately Conservative,Retail,Roth IRA,244646.68,2022-01-30,4,0
1386,Tyler,Sims,57,Taylorside,CT,55308,Balanced,Retail,Trust,356078.06,2018-03-12,12,True
1387,Kenneth,Graham,30,Jenniferview,NC,68983,Balanced,Retail,IRA,282765.61,2017-07-30,2,True
1388,Pamela,Elliott,54,East Kelly,NY,90288,Balanced,HNW,529,1750698.64,2016-08-20,15,True
1389,Christina,Klein,53,Thomasborough,NY,43777,Balanced,Retail,IRA,192308.88,2022-05-31,11,True
1390,Jennifer,Phelps,64,  EAST ALICE  ,NJ,62612,Balanced,HNW,Taxable,868140.06,2015-01-29,24,True
1391,Robert,Hernandez,72,North Larryborough,IL,26619,Balanced,Retail,Trust,151532.6,2020-07-20,3,True
1392,Amanda,Rivera,40,New Taylorburgh,NY,9252,Balanced,HNW,IRA,4626478.5,2017-10-20,11,True
1393,Angie,Perez,68,East Joshuachester,NY,77108,Balanced,Retail,Taxable,189862.64,2020-10-31,1,True
1394,Michael,Wang,79,Annborough,NC,10655,,UHNW,Taxable,26598488.91,2019-09-28,19,True
1395,Dakota,Robinson,49,West Anne,NJ,17108,Moderately Aggressive,Retail,Roth IRA,408749.41,2021-05-16,8,True
1396,Brenda,Miranda,43,Barbarashire,DE,79770,Conservative,HNW,Roth IRA,985282.94,2017-03-20,2,True
1397,Lindsay,Savage,61,Clarktown,NY,30887,Moderately Aggressive,Retail,IRA,419735.21,2022-11-29,3,True
1398,Christopher,Pratt,67,East Fred,DE,533,Balanced,HNW,Trust,3990872.62,2017-08-02,25,True
1399,Paula,Williams,56,Colemanfort,PA,43373,Aggressive,Retail,529,93051.84,2017-06-02,4,True
1400,Kathleen,Allen,31,Bennettfurt,NJ,93069,Aggressive,Retail,Taxable,88490.61,2018-10-17,13,True
1401,Larry,Boyd,72,New Meganburgh,Florida,83570,Aggressive,Retail,Taxable,190975.75,2021-08-31,5,True
1402,Jennifer,Larsen,79,Henryview,WA,90333,Conservative,Retail,Trust,77901.01,2015-12-18,2,0
1403,Rachel,Pearson,68,North Michelle,CT,61590,Balanced,Retail,Trust,185661.98,2021-03-01,3,False
1404,Michael,Coleman,31,South Neil,PA,98494,Aggressive,HNW,529,958224.12,2022-12-17,2,True
1405,James,Ward,52,North Brenda,Florida,43551,Moderately Conservative,Retail,Trust,182712.55,2015-10-02,4,yes
1406,Miguel,King,54,New Joshuaview,MD,84606,Moderately Aggressive,Retail,IRA,327785.89,2018-10-30,20,True
1407,Bradley,Dominguez,67,Joshuaton,NJ,75497,Moderately Conservative,UHNW,Taxable,40436366.38,2021-08-01,15,True
1408,Michelle,Pennington,78,Henryfort,NJ,98796,Moderately Aggressive,Retail,Trust,222764.01,2021-12-30,20,True
1409,Karen,Aguirre,49,West Anthonyberg,NJ,92990,,UHNW,Taxable,32865374.94,2020-11-20,15,True
1410,Monica,Anderson,65,Flowersville,CT,7847,Balanced,Retail,IRA,282745.8,2018-07-19,4,True
1411,Jennifer,Edwards,66,Tonyaborough,NJ,86366,Moderately Aggressive,Retail,Taxable,96210.34,2019-11-29,19,True
1412,Allen,Hood,40,Rachaelburgh,PA,77420,Moderately Conservative,UHNW,529,40523739.07,2020-10-10,5,True
1413,Michael,Smith,44,Butlerton,NY,9014,Moderately Aggressive,Retail,Roth IRA,336813.68,2016-07-17,14,True
1414,Kathleen,Hernandez,67,Christophermouth,OH,6334,Moderately Aggressive,UHNW,Trust,26662968.64,2017-03-15,6,True
1415,James,Wagner,79,Lake Julie,NY,923,,HNW,Taxable,1594186.15,2017-06-27,2,True
1416,Ann,Wilson,65,Carrollland,NJ,74712,Aggressive,Retail,Trust,107456.34,2022-06-10,17,yes
1417,Christopher,Hardin,76,Lake Christopher,NC,42116,Conservative,Retail,Roth IRA,481883.61,2019-09-23,10,True
1418,Tammy,Wang,62,East Danamouth,MD,11153,Balanced,Retail,IRA,312649.66,2022-01-06,5,True
1419,Sherry,Parker,66,Lake Katelyn,DE,17898,Moderately Conservative,HNW,Roth IRA,2612856.92,2017-06-25,10,True
1420,Nicolas,Mitchell,28,Donaldmouth,PA,54762,Conservative,HNW,529,2159734.98,2016-10-22,19,0
1421,Jacob,Stephenson,37,West Jordan,PA,58120,Moderately Conservative,Retail,Taxable,345954.56,2017-02-11,8,False
1422,Tracy,Lane,63,Kelseyhaven,CA,59440,Balanced,HNW,Taxable,2781985.4,2021-08-19,14,True
1423,Gloria,Jackson,40,Mooreshire,MN,28112,Moderately Conservative,UHNW,IRA,20471724.64,2022-12-12,3,True
1424,Ryan,Brewer,70,Jaredhaven,NJ,72801,Balanced,Retail,Trust,203698.37,2021-08-21,23,True
1425,Laura,Davis,57,West Jeffery,PA,34690,Balanced,UHNW,529,36132845.28,2015-04-02,23,True
1426,Darius,Barrett,65,South Donald,PA,77416,Moderately Conservative,UHNW,529,19901544.55,2017-08-01,11,True
1427,Anne,Barrett,54,West Jacquelinestad,MN,1536,Aggressive,Retail,Roth IRA,327246.41,2016-04-08,6,True
1428,Thomas,Rogers,78,East Robinport,PA,21832,,Retail,Taxable,97181.55,2018-09-25,16,True
1429,Jacob,Johnson,28,Watkinschester,MD,96308,Balanced,Retail,IRA,148732.65,2018-03-12,23,True
1430,Mary,King,67,Carolynfort,WA,89440,Aggressive,Retail,IRA,153623.3,03/17/2018,8,True
1431,Billy,Hickman,77,Port Sarah,NY,66949,Balanced,Retail,Roth IRA,266335.79,2015-11-12,24,True
1432,Ronald,Adams,53,Watkinsburgh,TX,67636,Conservative,UHNW,IRA,21916031.16,2016-05-01,1,True
1433,Kevin,Carlson,32,New Karen,Pennsylvania,17526,Balanced,UHNW,Roth IRA,21326771.57,2020-04-21,1,yes
1434,Kristina,Brown,37,West Lauraberg,NJ,45865,Balanced,Retail,Roth IRA,299611.22,2018-09-01,15,False
1435,Frederick,Smith,65,East Nicole,PA,39990,Balanced,Retail,Roth IRA,137481.55,2017-06-17,2,True
1436,Jack,Hodge,40,Davisbury,DE,20704,Conservative,HNW,IRA,4888891.74,2020-06-23,10,True
1437,Megan,Brooks,44,Mooreville,NJ,62209,Moderately Aggressive,HNW,IRA,1283659.74,2019-05-26,11,True
1438,Phillip,Lewis,43,Barnettmouth,MD,93067,Aggressive,Retail,IRA,431390.38,2016-12-10,7,False
1439,Sabrina,Hughes,44,Kathrynberg,NY,52914,Conservative,Retail,Taxable,59671.41,2021-03-08,1,yes
1440,Rachael,Weiss,36,Carlsonside,GA,9893,Aggressive,Retail,Trust,424150.58,2017-10-10,21,True
1441,Elizabeth,Cordova,35,East Nicoleburgh,GA,31323,Moderately Aggressive,Retail,Roth IRA,404336.34,2017-12-14,7,True
1442,Matthew,Morrow,43,Melendezbury,Delaware,18599,Moderately Conservative,Retail,Roth IRA,187282.57,2018-12-31,12,0
1443,Bradley,Turner,61,West Patrickburgh,TX,56299,Moderately Conservative,Retail,529,347408.92,2016-03-16,14,True
1444,Larry,Leonard,32,Johnsonchester,OH,24030,Moderately Aggressive,Retail,Taxable,445274.53,2016-04-22,5,True
1445,Faith,Flowers,36,Drakestad,MN,90424,Moderately Conservative,Retail,IRA,447225.41,2020-11-10,7,True
1446,Diana,Sullivan,72,East Luisshire,PA,66950,Moderately Conservative,Retail,Roth IRA,289649.62,2018-01-26,11,True
1447,Shawn,Tucker,68,Hendersonton,DE,40209,Aggressive,HNW,IRA,3197971.23,2018-05-26,2,True
1448,Judy,Wilson,65,Shawfort,FL,93827,,Retail,IRA,393387.07,2017-09-05,18,True
1449,Amanda,Diaz,37,South Amanda,TX,50763,Balanced,Retail,Roth IRA,182382.24,2021-12-17,8,yes
1450,Christopher,Smith,78,Jamesmouth,PA,57502,,Retail,Roth IRA,73966.54,2015-05-22,5,True
1451,Juan,Martinez,65,Stevenston,MD,79056,Moderately Conservative,UHNW,Trust,43317618.73,2020-06-27,7,True
1452,Johnny,Rogers,78,  KATIETOWN  ,NY,71640,Moderately Aggressive,Retail,Trust,377284.34,2017-02-19,22,True
1453,Kelly,Butler,38,Nguyenton,PA,78590,Balanced,HNW,529,3266989.02,2015-11-23,13,True
1454,Jessica,Schmidt,69,Wrightland,NJ,70622,Moderately Aggressive,Retail,529,388088.62,2015-10-04,12,True
1455,Jessica,Schultz,57,Orozcostad,MD,60536,Balanced,HNW,IRA,2743644.99,2020-07-05,11,True
1456,John,Petersen,61,Williamsmouth,NY,49364,,HNW,Trust,3706190.93,2015-04-22,23,True
1457,Chelsea,Cummings,58,South Williamland,AZ,44773,Balanced,HNW,Roth IRA,4800883.51,2022-06-02,19,True
1458,Kara,Henderson,78,East Stephanieview,TX,95081,Moderately Conservative,UHNW,529,23042573.17,2020-03-22,21,True
1459,Nicole,Copeland,42,Sanfordborough,NY,75329,Balanced,HNW,IRA,664720.2,2017-02-01,15,True
1460,Kevin,Palmer,53,Lake Lauren,FL,49552,Conservative,Retail,IRA,438425.72,2019-08-02,10,True
1461,Jason,Walls,52,Julieburgh,DE,36788,Moderately Aggressive,Retail,529,241260.28,2019-01-05,6,True
1462,Brandon,Ross,51,Lake Justin,PA,1163,Conservative,HNW,Roth IRA,4709745.08,2018-04-04,18,True
1463,Andrew,Perry,76,West Joseph,MA,79023,Moderately Aggressive,UHNW,Taxable,8814151.22,2021-04-27,10,True
1464,Cynthia,Davis,50,North Jenna,MD,29475,Conservative,Retail,IRA,250027.39,2015-07-06,19,True
1465,Keith,Joseph,60,Matthewsmouth,NJ,71470,Moderately Conservative,UHNW,529,6851431.47,2018-02-10,11,True
1466,Sarah,Smith,57,Luismouth,FL,20394,,UHNW,Trust,24174605.46,2018-09-11,14,yes
1467,Julia,Clark,59,Lake Peter,TX,53314,Conservative,Retail,Roth IRA,215380.37,2015-04-05,9,True
1468,Melissa,Faulkner,39,Hoffmanstad,IL,11392,Moderately Conservative,HNW,Trust,2220669.17,2016-08-29,8,True
1469,Traci,Wood,32,Karenmouth,PA,88909,Moderately Conservative,Retail,Roth IRA,169531.2,2018-09-27,3,True
1470,Eric,Richards,60,Annettechester,OH,3569,Moderately Conservative,Retail,529,182533.02,2021-01-03,18,True
1471,Justin,Manning,78,South Samantha,CT,17762,,Retail,Roth IRA,339644.48,2018-01-10,8,True
1472,Stacy,Martinez,32,Robinsonville,IL,75309,Balanced,Retail,Roth IRA,94284.1,2017-04-25,2,True
1473,Michelle,Wang,49,Piercestad,OH,98972,,UHNW,IRA,29571172.7,2016-09-28,22,True
1474,Rachel,Ramirez,47,Crystalmouth,MI,66339,Moderately Conservative,Retail,Roth IRA,198158.58,2019-04-14,7,True
1475,Philip,Trevino,36,Shermanport,NJ,59412,Balanced,HNW,529,3675391.87,2016-04-03,9,True
1476,Morgan,Ross,47,New Mariamouth,MA,86509,Moderately Conservative,Retail,Roth IRA,53840.25,2016-05-18,12,True
1477,Rebecca,Reyes,53,Mccannchester,TX,25257,Moderately Aggressive,Retail,Trust,402407.71,2020-02-02,19,True
1478,Christine,Taylor,28,New Ashleychester,PA,3493,Aggressive,HNW,Trust,3910127.34,2017-08-07,21,True
1479,John,Hudson,76,Cohenstad,PA,3478,Moderately Conservative,HNW,IRA,2806911.38,2020-12-10,13,True
1480,Nicole,Valdez,74,Port Robin,NC,60501,Aggressive,HNW,IRA,1524103.22,2017-12-14,16,True
1481,Nancy,Thompson,65,West David,PA,8996,Moderately Aggressive,Retail,529,155175.44,2022-02-25,25,True
1482,Jamie,Murray,80,Lake Carrie,CO,32205,,HNW,Trust,2609322.49,2021-05-16,11,True
1483,Teresa,Porter,48,Port Cassandramouth,OH,21376,Conservative,HNW,IRA,4063617.0,2016-12-16,14,True
1484,Jennifer,Jones,72,Lake Ericahaven,VA,62132,Conservative,Retail,Trust,396558.98,2021-11-23,7,True
1485,Chad,Butler,63,Nicoleside,DE,16358,Balanced,Retail,Taxable,247406.36,2020-09-21,12,True
1486,Catherine,Hays,36,South Timothyton,NJ,38900,Balanced,Retail,Roth IRA,112527.6,2021-06-28,24,True
1487,Maria,Hardy,79,West Reginaldhaven,IL,82980,Moderately Conservative,Retail,Roth IRA,54356.52,2020-03-12,11,True
1488,Roy,Martinez,55,Port Jose,VA,76498,Balanced,Retail,Trust,151470.79,2021-01-10,25,True
1489,Daniel,Jackson,62,Douglasberg,TX,32360,Moderately Conservative,HNW,Roth IRA,4003895.32,2021-05-12,11,True
1490,Jason,Davis,64,South Rachelfort,WA,99133,Balanced,Retail,Taxable,314129.79,2016-12-15,5,True
1491,Jordan,Phillips,49,Riveramouth,FL,92193,Moderately Aggressive,Retail,529,119161.06,2017-01-23,21,True
1492,Joshua,Johnson,66,East Aimee,GA,3901,Conservative,Retail,529,409615.6,2016-10-07,13,True
1493,Nathan,Cox,41,Kristopherburgh,FL,74902,Moderately Conservative,UHNW,Trust,49107745.19,2020-01-26,3,True
1494,Thomas,Gonzales,40,Ericberg,NJ,19706,Moderately Aggressive,Retail,Trust,290520.76,2019-11-10,4,yes
1495,Michele,Scott,56,North Melissa,CO,76946,,HNW,Roth IRA,1979786.13,2017-06-03,3,True
1496,Breanna,Green,71,Woodsburgh,CO,45617,Moderately Aggressive,Retail,529,127140.65,2020-02-24,6,True
1497,Brenda,Mason,72,Nicholasfort,Florida,85485,Aggressive,HNW,529,644266.19,2016-05-09,16,True
1498,Alicia,Thompson,40,Smithland,GA,45375,Balanced,Retail,Taxable,62077.33,2016-10-18,13,True
1499,Jamie,Hernandez,42,Lake Jamesfort,NJ,60705,Moderately Conservative,Retail,Roth IRA,177717.93,2019-07-22,22,False
1500,Danielle,Smith,57,Lake James,MD,87564,Balanced,Retail,Taxable,285978.06,2015-04-06,12,True
1501,Connie,Crane,38,West Angelaside,IL,97659,Moderately Aggressive,Retail,Roth IRA,283339.26,2019-04-20,14,True
1502,Christopher,Yates,35,Knightbury,PA,32573,Aggressive,HNW,IRA,2259973.73,2017-01-17,18,True
1503,Jodi,Norris,75,East Hannah,NJ,60278,Aggressive,HNW,Taxable,2382859.41,2016-06-02,13,True
1504,Tiffany,Baker,41,Christopherborough,NJ,96620,Balanced,HNW,IRA,4797935.45,2021-08-23,7,True
1505,Bryce,Leach,80,Brucebury,PA,32474,Aggressive,HNW,Trust,1893907.29,2019-09-07,6,True
1506,Bonnie,Marshall,47,West Kristyland,MA,26246,Balanced,Retail,529,321669.25,2018-10-29,7,True
1507,Scott,Alvarez,71,New Bridgetfort,FL,39817,Moderately Aggressive,Retail,Trust,276113.76,2019-07-22,9,True
1508,Bonnie,Callahan,37,Lake Oliviaborough,CA,77694,Moderately Aggressive,HNW,Trust,1407662.28,2021-06-11,3,True
1509,Christina,Bryant,66,West Karenview,MD,65067,Moderately Conservative,HNW,IRA,4210621.81,2020-01-18,17,True
1510,Mark,Webb,64,Stephanieport,GA,35130,Moderately Conservative,Retail,Trust,198001.16,2021-12-08,15,True
1511,John,Hill,30,Connieville,MD,99671,Aggressive,Retail,Taxable,258212.95,2022-07-25,10,True
1512,Tony,Flores,57,Simpsonburgh,VA,9094,Moderately Conservative,Retail,Roth IRA,340834.61,2021-01-30,23,True
1513,Emily,Davis,78,Petersonside,OH,24442,Moderately Conservative,HNW,Roth IRA,4291877.63,2016-07-19,13,yes
1514,Daniel,Hall,79,Warrenmouth,NY,70021,Balanced,Retail,IRA,325862.38,10/10/2018,14,True
1515,Gail,Pennington,67,New Emily,VA,42937,Balanced,Retail,Trust,162110.67,2016-04-01,15,True
1516,Katie,Floyd,70,New Elaine,NC,43188,Conservative,HNW,IRA,2230992.49,2022-08-26,23,True
1517,Tina,Valdez,53,Chanview,AZ,30480,,UHNW,Taxable,30587686.97,2022-06-17,8,True
1518,Thomas,Chase,38,Nathanport,PA,44242,Aggressive,Retail,Roth IRA,448493.82,2020-10-23,21,True
1519,Maria,Stewart,70,Ronaldfurt,DE,55174,Moderately Conservative,Retail,Taxable,291981.89,2015-01-17,23,True
1520,Shelby,Brown,41,Gomezberg,PA,60386,Moderately Conservative,Retail,Trust,376941.99,2021-02-18,14,True
1521,Andrew,Bush,63,Lake Jennifer,FL,39140,Balanced,Retail,Taxable,496575.37,2021-08-28,12,True
1522,Andrew,Simmons,34,Nguyenside,CO,97365,Aggressive,UHNW,529,8444013.63,2016-08-05,25,True
1523,Jason,Shaw,54,Danielbury,NY,21527,Moderately Aggressive,Retail,Trust,400779.79,2017-08-08,6,False
1524,Timothy,Griffith,60,Craneton,PA,86932,Aggressive,HNW,Taxable,1637449.78,2018-02-13,15,True
1525,Susan,Mccarthy,68,West Valerie,MD,77324,Conservative,Retail,Trust,62023.05,2017-12-31,13,True
1526,Craig,Bowman,53,Amandamouth,MD,37756,Balanced,Retail,IRA,204645.97,2015-11-21,13,True
1527,Dennis,Brady,44,Tiffanychester,DE,20394,Moderately Aggressive,HNW,Taxable,669985.97,2021-12-27,23,True
1528,Brittany,Andrews,48,South Johnshire,NC,72143,Moderately Conservative,Retail,Trust,462711.64,2021-02-06,16,True
1529,Jose,Schmidt,33,Hannahberg,CT,9414,Conservative,HNW,529,2576106.49,2021-12-18,22,True
1530,Holly,Stevenson,56,Rebeccamouth,CO,98447,Moderately Conservative,HNW,IRA,1590321.24,2022-01-27,16,True
1531,Jack,Mcdonald,38,Coxborough,NC,89324,Conservative,Retail,IRA,419192.01,2022-10-08,1,True
1532,Jonathon,Munoz,39,East Davidchester,MD,56512,Moderately Conservative,HNW,Roth IRA,3231448.51,2018-03-03,4,True
1533,Tom,Williams,53,New Nathanielshire,PA,57806,Moderately Aggressive,HNW,IRA,2905942.25,2022-12-18,3,True
1534,Susan,Marks,28,Kristyfort,NY,37548,Balanced,Retail,Roth IRA,352126.47,2019-08-07,5,True
1535,Cynthia,Navarro,39,New Kimberlyside,MN,21239,Balanced,Retail,IRA,248296.1,2021-05-21,23,True
1536,Meghan,Miller,71,Bishopborough,Georgia,99055,Moderately Conservative,Retail,529,65500.18,2015-08-02,7,True
1537,Gabriella,Meyers,31,Hayesberg,FL,85755,Balanced,HNW,529,2489261.65,2017-08-23,21,True
1538,Hunter,Johnston,70,Rosechester,TX,3316,,Retail,Taxable,348142.97,2018-03-18,13,True
1539,Kelly,Hanson,56,Smithbury,NJ,42756,Aggressive,Retail,Taxable,360656.02,2018-06-01,20,True
1540,Jonathan,Walker,77,Amandaborough,Pennsylvania,75793,Conservative,HNW,Trust,520995.8,2022-05-26,25,True
1541,Patricia,Espinoza,43,East Kendra,MN,27520,Conservative,Retail,Roth IRA,140782.12,2017-06-20,8,True
1542,Craig,Ferguson,29,Port Davidstad,TX,9579,Conservative,Retail,Trust,139993.56,2017-08-14,1,True
1543,Leslie,Hall,49,East Kevin,GA,56112,Conservative,Retail,IRA,495180.78,2022-12-04,22,True
1544,Jesse,Gillespie,42,Anthonymouth,NY,16637,Moderately Aggressive,HNW,Taxable,3510272.55,2021-09-02,22,True
1545,Nicholas,Wallace,38,South Brandon,NC,57982,Moderately Conservative,UHNW,Taxable,12554729.94,2018-03-11,14,True
1546,Jamie,James,80,North Tanyahaven,MI,76300,Conservative,Retail,Roth IRA,280625.05,2020-10-17,11,True
1547,David,Sherman,40,South Joystad,AZ,98763,Moderately Conservative,Retail,529,302924.35,2022-12-17,7,True
1548,Robert,Clark,53,Port Williamfort,CA,33961,Conservative,Retail,Trust,470447.32,2019-01-26,4,True
1549,Sierra,Smith,34,Larafurt,IL,13616,Conservative,Retail,Roth IRA,154583.66,2017-11-02,11,True
1550,Sonya,Copeland,53,Bautistaport,CT,30563,Aggressive,Retail,Roth IRA,128129.7,2022-12-30,1,True
1551,Christopher,Schneider,57,Liutown,NJ,36508,,Retail,IRA,225134.0,2020-11-01,3,True
1552,Phyllis,Williams,45,East Anne,NC,17271,Aggressive,HNW,529,3460827.66,2019-02-23,12,True
1553,Donald,Harrison,41,  NORTH CAITLYNBOROUGH  ,VA,97474,Balanced,HNW,Trust,697725.24,2020-04-14,10,True
1554,Nathan,Perry,59,South Gerald,MD,68474,Moderately Aggressive,Retail,Taxable,395395.31,2022-09-20,23,False
1555,Judy,Patrick,64,West Natasha,PA,14839,,Retail,IRA,291281.69,2021-04-16,9,True
1556,Anthony,Harris,66,Garrettview,IL,82016,Aggressive,Retail,Roth IRA,481565.62,2017-07-26,21,False
1557,Krista,Rivera,71,Johnsonberg,GA,53933,,Retail,IRA,363341.91,2015-05-16,11,True
1558,Nicholas,George,76,East Craig,CT,46201,Balanced,Retail,Roth IRA,128898.97,2022-03-05,22,True
1559,Christopher,Mcneil,49,South Stevenchester,Florida,70850,Conservative,Retail,Taxable,266958.67,2018-07-10,20,True
1560,Melody,Pacheco,56,West Thomasview,TX,17304,Conservative,HNW,Trust,4604464.65,2017-08-01,17,True
1561,Amber,Krueger,42,South Trevorshire,PA,26228,Balanced,Retail,529,338266.38,2016-01-03,19,True
1562,Zachary,Trujillo,28,East Donna,PA,97911,Balanced,Retail,IRA,367083.11,2015-10-04,1,True
1563,Richard,Eaton,35,East Jeremyburgh,FL,96187,Balanced,UHNW,Roth IRA,32735690.36,2020-04-10,8,True
1564,Mark,Dickson,76,Kathleenberg,MN,43485,Moderately Conservative,Retail,IRA,382060.98,2018-05-17,20,True
1565,Donna,Riley,36,Lake Rebeccafurt,PA,83322,Moderately Aggressive,HNW,Roth IRA,857253.38,2015-05-21,16,0
1566,James,White,37,Lake Austin,PA,31673,Conservative,Retail,Trust,183476.63,2016-04-17,7,True
1567,Marcus,Armstrong,43,Mathewsborough,NJ,82907,Conservative,HNW,529,3389175.04,2021-12-14,15,yes
1568,Tara,Sullivan,49,South Christine,DE,72050,Moderately Conservative,Retail,IRA,382665.04,2018-07-08,9,True
1569,Julie,Rios,78,Matthewburgh,MN,33961,Conservative,HNW,Taxable,1928923.97,2017-09-23,17,True
1570,Monica,Ingram,54,Alvaradomouth,MD,68536,Moderately Conservative,Retail,Roth IRA,406300.9,2017-02-06,25,True
1571,Kimberly,Simmons,74,New Davidbury,NC,60457,Moderately Conservative,Retail,Roth IRA,60662.0,2021-08-21,11,True
1572,David,Marquez,62,Port Michael,CA,59819,Conservative,Retail,Taxable,159012.04,2018-06-28,22,True
1573,Tracey,Miller,79,South Lori,DE,67466,Balanced,Retail,IRA,494769.32,2016-07-23,20,True
1574,Mary,Walker,61,East Jessicastad,NY,69389,Balanced,Retail,Roth IRA,442717.6,2019-10-22,6,True
1575,Edward,Heath,28,Port Amandaside,MD,30703,Conservative,Retail,Taxable,249062.4,2020-07-19,16,True
1576,Wendy,Jackson,40,North Erin,GA,83719,Moderately Conservative,Retail,Taxable,81493.21,2020-01-27,21,True
1577,Christine,Bridges,41,New Sheri,PA,80411,Balanced,Retail,IRA,496405.66,2018-05-23,3,True
1578,James,Williams,63,Phillipshaven,TX,55716,Moderately Conservative,Retail,IRA,128154.12,2022-02-23,8,True
1579,Taylor,Taylor,55,Aaronview,NJ,93344,Balanced,Retail,Trust,278341.05,2019-06-12,10,True
1580,Larry,Leblanc,40,North Karinaberg,DE,19348,Moderately Conservative,Retail,IRA,123871.47,2018-11-05,14,True
1581,Ethan,Stanton,43,South Kristie,MI,85184,Balanced,HNW,Roth IRA,1293959.77,2018-05-08,10,True
1582,Brittany,Wright,68,Chadview,NJ,18908,Balanced,Retail,IRA,309389.82,2022-02-20,9,True
1583,David,Singh,58,East Scott,NY,88612,Moderately Conservative,UHNW,Taxable,43809148.71,2017-03-15,12,True
1584,Mark,Walsh,38,Alexandriafort,TX,30933,,HNW,Trust,2292100.13,2020-04-13,15,True
1585,Kent,Martinez,67,Hernandezmouth,PA,36166,Moderately Aggressive,HNW,Trust,2402137.66,2022-08-05,25,True
1586,Blake,Massey,78,Danielmouth,Virginia,56325,Balanced,Retail,Trust,120145.31,2019-09-05,1,True
1587,Nancy,Holt,55,Blakebury,MD,69030,Moderately Conservative,HNW,Taxable,3928681.84,2015-10-29,25,True
1588,Whitney,Morrison,47,Johnfort,Virginia,92460,Balanced,Retail,529,457905.67,2022-09-14,18,True
1589,Robert,Little,74,Meganview,AZ,33487,Balanced,Retail,IRA,118759.42,2020-02-14,9,True
1590,Mark,Estrada,47,Tonyaland,NY,2195,Moderately Conservative,Retail,Trust,221202.61,2015-10-23,10,True
1591,Linda,Sanchez,66,Walkerchester,PA,87746,Conservative,HNW,Trust,2188160.98,2017-02-15,3,True
1592,Wendy,Mckenzie,73,Castroshire,TX,49760,Balanced,Retail,Trust,199955.36,2019-11-07,7,True
1593,Monica,Contreras,40,New Danielville,PA,75949,Balanced,Retail,Taxable,119626.01,2015-10-05,1,False
1594,Tammy,Allen,74,Ochoaton,NY,46022,Balanced,Retail,Roth IRA,437744.81,2020-03-05,16,False
1595,Scott,Murray,54,South Lisachester,MI,88197,Conservative,HNW,Trust,2320498.67,2022-04-06,24,True
1596,Jason,White,59,Coreychester,MA,4220,Moderately Conservative,HNW,Roth IRA,2179152.04,2020-10-30,21,True
1597,Melissa,King,32,Michaelbury,PA,36759,Moderately Conservative,HNW,Trust,4943849.28,2018-07-26,2,True
1598,Brandon,Ellis,35,Kaylaburgh,CA,27944,Moderately Conservative,Retail,Trust,496612.61,2019-06-20,19,True
1599,Michelle,Wong,76,Mullinsburgh,NC,66015,Balanced,Retail,Trust,123063.07,2021-11-07,9,True
1600,Matthew,Jensen,76,West Maria,PA,13778,Moderately Conservative,Retail,Roth IRA,397071.67,04/24/2022,17,True
1601,Christopher,Sullivan,68,Fowlerfurt,CA,26997,Moderately Aggressive,HNW,Roth IRA,3691078.09,2017-02-12,23,True
1602,Jasmine,Bell,52,Huangburgh,NY,22592,Conservative,Retail,Trust,75967.08,2017-07-31,24,True
1603,Daniel,Perkins,58,Katherineside,MI,23819,Conservative,Retail,Taxable,161056.32,2018-03-08,12,True
1604,Heather,Gonzalez,71,Lake Carlyfurt,NJ,35021,Moderately Aggressive,HNW,Taxable,3339287.21,2016-03-01,23,True
1605,Matthew,Gomez,37,South Dale,DE,97007,Balanced,UHNW,Roth IRA,34955403.69,2021-07-07,20,True
1606,Paige,Carter,71,West Yvonnemouth,MD,5845,Conservative,HNW,IRA,2549618.47,2016-12-19,9,True
1607,Eric,Haney,65,South Jeffreybury,MA,32659,,Retail,IRA,161336.66,2021-12-31,1,True
1608,Scott,Cain,33,North Kenneth,CA,3223,Balanced,Retail,Trust,102528.79,2021-11-09,13,True
1609,Timothy,Gonzales,33,South Jacob,PA,68471,,UHNW,529,36773139.73,2019-08-24,7,True
1610,Courtney,Oneal,38,Francisstad,NC,35045,Conservative,Retail,Trust,444202.78,2018-06-13,9,True
1611,Michael,Schaefer,60,West Amber,PA,10598,Balanced,Retail,529,361326.56,2022-08-30,22,True
1612,Dennis,Heath,65,Port Amanda,CA,17378,Balanced,UHNW,Roth IRA,44899289.85,2015-10-10,24,True
1613,Samantha,Duke,74,Nicholsville,PA,79680,Balanced,Retail,Taxable,235224.05,2016-10-27,4,True
1614,Michael,Park,77,South Joseph,CA,7474,Balanced,Retail,Roth IRA,336281.11,2018-09-06,5,True
1615,Samuel,Garza,41,East Andrewmouth,MA,73769,Moderately Aggressive,Retail,Trust,171059.6,2020-03-14,23,True
1616,Paula,Woods,38,North Evelyn,MI,9074,Moderately Conservative,Retail,Trust,188645.15,2022-08-20,1,True
1617,Joshua,King,77,Lake Carlachester,NJ,92804,Balanced,UHNW,Trust,9359179.76,2021-02-10,17,True
1618,Dennis,Foster,46,Collinsport,CO,43824,Moderately Conservative,Retail,Trust,237579.05,2016-11-10,6,True
1619,Lauren,Romero,39,Thomasside,TX,89803,Moderately Conservative,Retail,IRA,129380.58,2019-09-11,7,True
1620,Michelle,Arellano,60,Lake Karenshire,New Jersey,16188,Aggressive,Retail,Taxable,268912.07,2021-03-12,15,True
1621,Chad,Brown,41,Crossborough,MD,33111,Moderately Conservative,Retail,IRA,305191.46,2022-11-01,7,True
1622,Kim,Mayo,39,North Debra,DE,65378,Moderately Aggressive,UHNW,IRA,7654192.92,10/29/2020,9,True
1623,Martin,Davis,54,Berryfurt,CA,53922,Balanced,Retail,Trust,492326.21,2018-01-18,21,True
1624,Thomas,Boone,34,North Larry,DE,23754,Aggressive,HNW,IRA,4608371.32,2020-08-27,3,True
1625,Natasha,Porter,52,West Richard,FL,30207,Moderately Conservative,Retail,Taxable,181906.51,2017-10-22,9,False
1626,Deborah,Miller,29,Waltonhaven,PA,34287,Moderately Conservative,HNW,529,789180.97,2015-03-01,8,True
1627,Catherine,Hendrix,71,Lake Nathanielburgh,PA,727,Balanced,Retail,Taxable,265053.7,2022-09-15,1,0
1628,Allison,Smith,76,Torresshire,NJ,74342,Conservative,Retail,Taxable,77475.41,2017-12-30,22,True
1629,Chad,Jackson,30,Whiteborough,NJ,45753,Moderately Conservative,Retail,Taxable,312100.45,2015-10-11,7,True
1630,Felicia,Moore,28,Audreymouth,PA,93086,Conservative,Retail,Trust,285050.54,2021-10-07,20,True
1631,Kelsey,Romero,76,Johnsonton,IL,70963,Moderately Aggressive,HNW,Roth IRA,2840333.55,2022-02-07,16,True
1632,Laura,Martinez,49,Savannahville,TX,46252,Conservative,Retail,529,262954.3,2020-06-18,14,True
1633,Brittany,Jackson,71,South Jamesberg,Virginia,80873,Moderately Conservative,HNW,Roth IRA,2014475.91,2022-05-11,11,yes
1634,Sharon,Mcfarland,51,Bowersville,CA,88149,Moderately Aggressive,HNW,Trust,4175812.36,2019-06-08,13,True
1635,Matthew,Diaz,50,Port Travis,FL,53491,Moderately Aggressive,HNW,Roth IRA,3248640.76,2015-05-02,4,True
1636,Brian,Haas,72,Cochranshire,Florida,13448,Moderately Aggressive,Retail,Trust,51388.1,2021-10-12,24,False
1637,Christopher,Pena,36,Shermanborough,PA,37536,Aggressive,Retail,Taxable,425939.52,2017-07-24,20,True
1638,Seth,Gonzalez,61,Powellfurt,VA,11299,Conservative,HNW,Roth IRA,1053025.43,2018-12-03,23,yes
1639,Travis,Morris,43,Lynchport,NY,65724,Moderately Conservative,HNW,Roth IRA,3881478.84,2022-12-08,15,True
1640,Kelli,Townsend,70,New Marieborough,GA,12190,Moderately Conservative,Retail,Trust,328258.26,2017-06-16,17,True
1641,Briana,Mccullough,40,Lake Lee,CA,6786,Balanced,UHNW,Taxable,23590696.68,2019-04-10,21,True
1642,Brandon,Turner,80,West Tamara,NJ,7373,Aggressive,Retail,Roth IRA,480896.21,2021-08-03,1,True
1643,Gabrielle,Hamilton,30,  NEW NATHAN  ,NY,92144,Conservative,HNW,Roth IRA,3351997.85,2015-05-11,22,True
1644,Jason,Bryant,66,East Jennifer,IL,10064,Balanced,Retail,Trust,249937.77,2020-09-16,13,True
1645,Tyler,Duncan,78,North Sandraborough,NY,90860,Moderately Conservative,Retail,Taxable,382642.09,2015-12-06,12,True
1646,Kelly,Strong,58,Traceyfurt,AZ,30434,Moderately Conservative,Retail,Taxable,242562.33,2017-12-21,24,False
1647,Mary,Williams,66,New John,MI,88126,Balanced,Retail,IRA,223186.34,2017-01-24,23,False
1648,Sandra,Becker,61,Jamieview,IL,54136,Aggressive,Retail,529,114422.65,2020-07-09,23,True
1649,Robert,Gutierrez,36,Meganborough,DE,64492,Aggressive,Retail,Trust,277086.48,2017-01-10,3,0
1650,Alex,Schwartz,71,  LAKE KATIEBERG  ,PA,87396,Conservative,Retail,529,185606.74,2020-07-07,15,True
1651,Chad,Wilson,56,Port Tracy,TX,24534,Aggressive,Retail,Taxable,125623.78,2019-04-18,16,True
1652,Gary,Singh,43,Mitchellport,PA,37817,Balanced,HNW,IRA,3481889.5,2021-11-03,7,True
1653,Jose,Juarez,70,Carsonborough,NY,11839,Balanced,HNW,Taxable,1266948.56,2019-06-09,4,True
1654,Tyler,Martinez,73,South Timothyville,IL,30469,Moderately Conservative,Retail,Taxable,245702.03,04/22/2015,6,0
1655,Paul,Miller,48,East Ryanstad,CA,57924,Conservative,Retail,Trust,468051.56,2020-11-26,25,True
1656,Scott,Hammond,74,Port Jason,IL,42171,Moderately Conservative,Retail,Roth IRA,176161.03,2015-05-08,22,True
1657,Alexis,Hernandez,70,Sandrastad,NJ,61060,Balanced,HNW,Taxable,2643360.43,2016-08-09,22,True
1658,Dawn,Myers,62,West William,CA,30023,Balanced,Retail,Trust,111090.39,2016-06-21,3,True
1659,James,Barrett,49,Johnsonmouth,NY,9595,Conservative,Retail,IRA,407993.21,2021-09-29,19,True
1660,Carolyn,Roberts,66,East Amy,CA,42123,Moderately Conservative,Retail,Taxable,394851.82,2015-06-15,21,True
1661,Gail,Ortiz,73,New Jennifermouth,PA,49046,Moderately Conservative,Retail,Trust,204451.6,2015-04-23,21,True
1662,Rachel,Sutton,63,South Adamton,VA,51294,Balanced,HNW,Trust,3389459.91,2021-02-23,8,True
1663,David,Walker,35,New Amytown,PA,85548,Aggressive,HNW,Roth IRA,1505978.76,2021-08-03,3,True
1664,Thomas,Duncan,49,Campbellfurt,WA,59440,Conservative,Retail,529,100122.14,2022-04-12,7,True
1665,John,Henry,35,  MICHAELMOUTH  ,NJ,63301,Balanced,Retail,529,385077.99,2022-05-09,12,yes
1666,Eric,Herrera,48,Jeffreyport,PA,84006,Aggressive,HNW,Trust,1073378.6,2020-11-05,19,True
1667,Sylvia,Price,47,Nicolestad,NJ,97495,Conservative,Retail,Taxable,381613.05,2015-03-03,19,True
1668,Linda,Thomas,52,  JENKINSSIDE  ,NY,30252,Conservative,UHNW,Trust,29102136.82,2022-11-24,11,True
1669,David,Sims,79,South Robert,CT,55253,Moderately Conservative,HNW,IRA,3970764.06,2018-09-07,17,True
1670,Shaun,Farley,65,Coxmouth,PA,87712,Conservative,Retail,IRA,348684.25,2018-03-11,4,True
1671,Jennifer,Harris,62,Lake James,VA,26007,Moderately Conservative,Retail,Trust,227890.57,2022-08-01,11,False
1672,Jessica,Mueller,46,Rachelside,FL,54005,Moderately Conservative,UHNW,IRA,11511535.4,2017-12-30,16,True
1673,Kurt,Long,37,Rodriguezmouth,CA,39864,Balanced,Retail,529,355991.41,2022-03-27,10,True
1674,Stephanie,Berg,70,Williamsborough,NY,44761,Balanced,UHNW,Taxable,11564181.44,2019-05-31,20,True
1675,Eric,Cruz,60,Whitemouth,DE,3625,Moderately Conservative,Retail,Taxable,194062.71,2020-07-20,9,True
1676,Paul,Estrada,73,Tonyashire,MD,20929,Balanced,Retail,529,498581.87,2020-02-17,16,True
1677,Bailey,Owen,41,South Leslie,Connecticut,32705,Balanced,Retail,Trust,333984.68,2021-12-10,10,True
1678,David,Velazquez,52,Cherylhaven,MD,96880,Moderately Aggressive,Retail,Taxable,366863.21,2020-01-09,11,True
1679,Austin,Davis,73,North Andrewton,VA,43952,Conservative,HNW,IRA,1187160.05,2021-10-26,24,True
1680,Lawrence,Winters,42,Lake Edward,CA,28420,Moderately Aggressive,Retail,Taxable,470494.81,2017-06-17,25,True
1681,Cameron,Hanson,59,Brandymouth,DE,62771,Balanced,Retail,Trust,130559.1,2017-09-16,10,True
1682,Gregory,Turner,70,East Frank,NJ,16025,Conservative,Retail,IRA,492975.29,2019-04-04,1,True
1683,Christine,Moore,49,Gravesview,TX,90935,Moderately Conservative,Retail,Trust,296574.31,2021-10-12,22,False
1684,John,Wilson,50,  SOUTH COLTON  ,NY,5662,Moderately Conservative,Retail,Trust,263039.73,2016-02-01,13,True
1685,Parker,Gray,74,Port Andrew,PA,90694,Aggressive,HNW,Roth IRA,823204.49,2022-11-25,10,True
1686,Michael,Alexander,40,South Patricia,NC,64957,Balanced,Retail,529,363369.34,2022-07-28,13,True
1687,Ashley,Blackwell,48,West Caseyberg,PA,82294,Conservative,HNW,529,937938.05,2017-05-26,2,yes
1688,Phillip,Hernandez,73,Lake Malik,GA,93746,Conservative,Retail,Roth IRA,432414.37,2021-05-04,15,True
1689,Kristin,Gomez,64,Smithshire,NY,55254,Moderately Conservative,Retail,IRA,344585.29,2022-12-06,15,yes
1690,Michael,King,46,Tinatown,VA,64675,Moderately Aggressive,Retail,IRA,363179.99,2017-07-19,7,True
1691,Garrett,Banks,75,Josechester,Connecticut,44740,Moderately Aggressive,Retail,IRA,148161.41,2015-04-29,24,True
1692,Karen,Wolf,51,Hopkinsmouth,Georgia,72757,Balanced,Retail,529,343057.1,2015-04-02,4,True
1693,Monica,House,37,Lake Ashleyport,OH,50396,Conservative,Retail,Trust,355243.01,2016-08-06,14,False
1694,Theodore,Price,38,Heidimouth,OH,48577,Moderately Conservative,Retail,Taxable,355750.37,2021-06-03,4,True
1695,Melissa,Mueller,58,Zimmermanberg,DE,45883,Balanced,HNW,IRA,2100127.34,2020-10-01,2,True
1696,Andrea,Burns,60,Christophermouth,NJ,88556,Balanced,Retail,Roth IRA,102806.08,2015-09-05,19,True
1697,Elizabeth,Flores,37,North Lisaville,DE,32346,Balanced,Retail,Trust,245219.65,2015-08-06,8,True
1698,Nathaniel,Moore,43,Port Christopher,PA,10385,Aggressive,Retail,Trust,65296.77,2015-01-29,16,True
1699,Alexander,Roman,66,East Brandimouth,CT,83207,Moderately Aggressive,HNW,IRA,1862103.24,2021-12-26,21,True
1700,Kristi,Rodriguez,77,North Janetborough,Ohio,98289,Balanced,HNW,Taxable,3853401.06,2022-05-30,25,True
1701,Jacob,Higgins,80,North Ryanbury,PA,28054,Balanced,Retail,Trust,258653.2,2015-05-27,9,True
1702,Christopher,Flores,56,South Lisa,MD,93331,Moderately Conservative,Retail,Roth IRA,334550.08,2022-11-25,1,True
1703,Catherine,Lopez,33,Jessicashire,PA,8531,Moderately Conservative,UHNW,Taxable,10400017.35,2018-07-16,16,True
1704,William,Miller,60,West Douglas,California,71541,Aggressive,HNW,IRA,3386341.97,2019-08-08,1,True
1705,Jaime,Martinez,64,East Jacobmouth,PA,99628,Balanced,UHNW,Trust,31408272.09,2022-12-07,9,True
1706,Francisco,Reid,34,Carolynhaven,NC,84465,Balanced,HNW,529,3621766.34,2017-04-13,6,True
1707,Ronald,Summers,69,New Adrian,PA,90092,Moderately Aggressive,Retail,Trust,222781.95,2017-01-05,10,True
1708,Karen,Brown,34,South Maxton,MD,81745,Balanced,Retail,Roth IRA,307140.39,2021-01-16,3,True
1709,Russell,Craig,78,Smithland,Pennsylvania,42234,Balanced,Retail,529,371195.67,2019-09-14,6,True
1710,Sabrina,Ward,72,New Josemouth,TX,59586,Conservative,UHNW,Taxable,23239873.18,2017-11-12,13,True
1711,Lisa,Wood,62,Kathrynmouth,PA,72055,Aggressive,Retail,529,300227.07,2022-12-28,16,True
1712,James,Matthews,65,Lake Michaelmouth,California,61009,Moderately Conservative,HNW,529,787692.48,2017-08-05,23,True
1713,Laura,Landry,69,Fordmouth,NJ,59768,Balanced,HNW,Taxable,4184724.22,2016-03-21,25,True
1714,Joann,Cruz,70,Port Donaldmouth,MD,50499,Moderately Aggressive,HNW,Taxable,3888446.86,2022-12-01,6,True
1715,Crystal,Ross,72,South Laceyburgh,NJ,20297,Moderately Conservative,HNW,IRA,4379015.49,2019-09-28,1,True
1716,Ivan,Davis,79,Kennedyview,NJ,44713,Moderately Conservative,Retail,Roth IRA,299624.8,2016-07-31,4,0
1717,Tyler,Moore,64,Jeremyfort,PA,80038,Moderately Aggressive,UHNW,IRA,6761442.24,2020-10-15,21,True
1718,Ryan,Valentine,63,South Tanya,CO,8333,Balanced,Retail,Roth IRA,122544.62,10/29/2017,25,True
1719,Daniel,Benton,35,Franklinberg,NJ,31322,,HNW,529,657523.76,2019-02-24,10,True
1720,Troy,Robinson,62,Smithport,MD,83274,Balanced,HNW,IRA,2136018.38,2016-04-08,14,True
1721,Crystal,Sutton,70,Carrberg,OH,69921,Balanced,HNW,Taxable,4896963.94,2017-04-03,8,True
1722,Jenny,Roman,61,West Annette,GA,62566,Balanced,Retail,Roth IRA,185269.99,2015-07-04,22,True
1723,Sergio,Butler,36,West Haley,DE,41465,Moderately Conservative,HNW,529,2903460.79,2020-01-26,16,True
1724,Rachel,Alvarez,61,Angelashire,NJ,43893,Balanced,HNW,Roth IRA,3627956.72,2020-08-01,20,True
1725,Rachel,Sheppard,41,Lake Brittany,TX,31567,Moderately Conservative,Retail,Taxable,292194.27,2021-07-03,22,True
1726,John,Elliott,43,West Williamville,PA,50851,Moderately Conservative,HNW,Taxable,4188934.83,2020-12-31,7,True
1727,Cindy,Miller,41,Fordview,MN,9273,Aggressive,Retail,IRA,113750.3,2018-08-05,20,True
1728,Kimberly,Moody,65,Jenniferstad,CA,8237,Balanced,Retail,Roth IRA,298431.78,2018-10-15,9,0
1729,Jeffrey,Smith,67,  MALLORYFORT  ,PA,74147,,HNW,Trust,1078214.52,2016-03-02,3,True
1730,Joseph,Flores,44,Cassandraside,NJ,26723,Aggressive,Retail,Trust,297431.87,2021-08-04,21,True
1731,Debbie,Rosario,53,West Jessicaborough,NY,69117,Moderately Conservative,HNW,Trust,4566469.7,2021-05-22,3,True
1732,Justin,Gibbs,71,Haynestown,NC,39583,,Retail,Trust,475133.22,2017-02-01,23,True
1733,Douglas,Johnson,41,Millermouth,PA,19849,Aggressive,UHNW,Taxable,11445977.76,07/28/2018,21,True
1734,Patrick,Moore,68,Blakeville,NY,36356,Balanced,Retail,IRA,379703.7,2018-08-24,23,True
1735,James,Obrien,70,  FRANKBERG  ,DE,42811,Moderately Aggressive,Retail,529,217464.02,2022-08-24,20,yes
1736,David,Parrish,80,Woodmouth,NJ,94938,Balanced,HNW,IRA,1238193.82,2017-12-31,11,True
1737,Anthony,Hamilton,55,Randallmouth,VA,80858,Moderately Conservative,Retail,Trust,496602.05,2021-09-08,1,True
1738,Austin,Campbell,43,New Brianberg,PA,65601,Balanced,Retail,Taxable,483807.97,2015-07-06,9,True
1739,Carlos,Hernandez,35,Lake Jimmy,CA,99415,Conservative,UHNW,529,10607955.08,2017-11-18,14,True
1740,Michael,Miller,68,Karenfort,MD,53003,Balanced,HNW,Taxable,796817.12,2019-05-12,12,False
1741,Alicia,May,77,Nealside,CO,12228,Conservative,Retail,Roth IRA,459160.43,2021-07-06,5,True
1742,Shane,Wilson,999,Jeremyton,FL,85010,Moderately Aggressive,Retail,Roth IRA,440984.92,2020-06-19,1,False
1743,Andrew,Day,42,South Bobby,PA,29205,Moderately Aggressive,Retail,Trust,94076.08,2021-01-24,4,True
1744,Stephanie,Best,35,New Luis,VA,51294,Moderately Aggressive,Retail,IRA,402230.13,2021-01-17,17,0
1745,Ellen,Smith,47,Travischester,NY,72594,Aggressive,Retail,529,377747.34,2015-07-18,16,True
1746,James,Johnson,50,New Travis,NJ,46295,Moderately Aggressive,Retail,529,92993.25,2020-08-12,10,True
1747,Bonnie,Richardson,66,South Jason,NC,70785,Moderately Conservative,Retail,Taxable,298194.0,2015-01-22,2,True
1748,Courtney,Dean,76,Angelahaven,TX,51411,Moderately Conservative,Retail,Trust,126836.34,2016-04-11,6,True
1749,James,Lawson,75,Jamesview,WA,51964,Moderately Aggressive,Retail,529,205327.8,2015-12-15,18,True
1750,Justin,Johnson,53,Harrisville,FL,5961,Aggressive,HNW,Trust,3175776.4,2018-02-05,19,True
1751,Daniel,Fitzpatrick,28,East Kathleen,PA,96931,Moderately Conservative,HNW,529,1074074.91,2020-12-22,23,False
1752,Marissa,Craig,36,Michaelton,NJ,85413,Conservative,Retail,IRA,119971.08,2020-01-03,13,yes
1753,Ashley,Wilkerson,45,Jaytown,NY,41120,Aggressive,HNW,Taxable,3054023.49,2015-02-06,24,True
1754,Maria,Dalton,51,South Stacey,CO,51431,Moderately Conservative,Retail,IRA,337637.07,2020-10-04,22,0
1755,Stephen,Myers,73,South Timothy,MA,78716,Conservative,Retail,Trust,323916.35,2017-04-13,6,False
1756,Valerie,Mathews,50,North Christina,NJ,536,,HNW,Trust,2475320.04,2021-10-26,17,True
1757,Christine,Vincent,55,Sarahport,OH,58835,Aggressive,Retail,529,179068.85,2018-01-19,23,True
1758,Ashley,Moore,80,West Jasonborough,VA,55966,Moderately Conservative,Retail,IRA,446624.47,2020-12-06,10,True
1759,Nathan,Ramirez,33,West Kayleeville,CA,40091,Balanced,Retail,Roth IRA,336035.86,2016-02-19,14,True
1760,Stephen,Randolph,33,North Samantha,OH,98052,Balanced,HNW,Taxable,3967602.81,2022-08-14,3,True
1761,Laura,Beard,33,Thompsonville,NJ,11785,Moderately Conservative,HNW,IRA,3784788.64,2020-10-18,19,yes
1762,Spencer,Tanner,75,Josephshire,PA,63379,Conservative,Retail,Roth IRA,75835.19,2015-07-04,18,True
1763,Heather,Lewis,79,Gregorytown,MI,5371,Moderately Conservative,Retail,Taxable,468315.05,2018-12-23,14,True
1764,Maria,Gutierrez,74,New Phyllisland,WA,37309,Balanced,Retail,IRA,354664.88,2020-09-04,16,True
1765,Jennifer,Harris,71,Andrewview,NY,25151,Moderately Conservative,HNW,529,2740123.42,2016-11-16,23,True
1766,Shane,Smith,28,  PORT ANNACHESTER  ,NY,73762,Balanced,Retail,529,106111.21,2022-08-13,7,True
1767,Tracy,Hall,75,West Michaelstad,PA,60303,Conservative,Retail,Taxable,459898.88,2021-07-25,23,True
1768,Amy,Brooks,62,Jessicaside,NY,19597,Balanced,UHNW,Roth IRA,24124050.93,2017-07-25,8,True
1769,Danielle,Russell,70,Watsonstad,PA,38832,Moderately Conservative,Retail,529,497399.88,2016-03-07,22,True
1770,Emily,Preston,66,Wardchester,IL,11831,Conservative,Retail,Trust,324137.12,2019-10-25,6,True
1771,Nicole,Cook,76,Debbiemouth,VA,99290,Balanced,Retail,529,353534.98,2019-04-25,8,True
1772,Erin,Preston,51,Williamberg,IL,78985,Moderately Aggressive,Retail,IRA,128666.39,2017-09-24,17,True
1773,Cynthia,Garner,31,Port Laura,GA,91362,Moderately Conservative,Retail,Trust,208981.19,2018-03-03,16,True
1774,Madeline,Gilmore,51,New Daletown,PA,33887,Balanced,Retail,Taxable,220592.64,2022-06-22,11,True
1775,Elizabeth,Martin,43,Lake Jenna,MD,44396,Moderately Aggressive,Retail,529,461320.33,2018-11-29,25,True
1776,Mark,Copeland,46,Amyfurt,NC,69067,Moderately Aggressive,Retail,Roth IRA,436012.77,2020-04-02,16,True
1777,Philip,Ray,41,Wattsville,PA,30098,Moderately Aggressive,HNW,Taxable,1820952.68,2020-02-14,24,True
1778,Shawn,Flowers,53,Lake Aaron,DE,66628,Moderately Conservative,Retail,IRA,334029.4,2021-05-25,10,True
1779,Tyler,Moon,69,Johnfurt,FL,40197,Aggressive,Retail,529,468099.05,2021-08-07,2,True
1780,Amber,Davis,67,North Allen,MN,39270,Conservative,UHNW,Trust,47093647.31,2015-12-20,2,yes
1781,Jacob,Parsons,67,North Jonville,CT,55802,Moderately Conservative,Retail,Trust,210084.83,2022-07-22,11,0
1782,Dorothy,Smith,34,Matthewstad,OH,27822,Conservative,HNW,Taxable,1842577.92,2017-06-06,12,True
1783,Christine,Gillespie,39,Lake Traviston,PA,66036,Moderately Aggressive,HNW,Trust,4505883.24,2017-07-22,12,True
1784,Anthony,Haynes,55,Mullinsville,NY,55905,Balanced,HNW,Trust,539886.8,2020-07-04,7,True
1785,Christine,Bell,60,Vangfurt,PA,5569,Conservative,Retail,IRA,88134.7,2022-09-13,14,True
1786,Katherine,Miller,59,Amyland,IL,32664,Balanced,Retail,Taxable,105729.19,2020-10-16,5,True
1787,Jennifer,Nielsen,44,Jamesmouth,PA,32138,Moderately Conservative,Retail,IRA,396251.42,2019-10-30,16,False
1788,Taylor,Morris,47,Robinsonchester,NY,12946,Balanced,HNW,Roth IRA,2279114.72,2015-01-31,14,True
1789,David,Huffman,62,New Seanhaven,Pennsylvania,24255,Conservative,Retail,Roth IRA,451487.02,2018-09-14,4,True
1790,Heidi,Price,70,West Brendahaven,CA,64870,Conservative,UHNW,Trust,49521616.1,2016-05-23,6,True
1791,Shannon,Nash,75,West Carolynchester,MA,14876,Balanced,HNW,Trust,1129434.81,2020-06-29,1,True
1792,Tanya,Jones,73,Tuckertown,MA,51265,Moderately Aggressive,Retail,IRA,211656.54,2021-03-15,4,True
1793,Lindsay,Whitehead,30,Williamsburgh,New Jersey,29785,Conservative,HNW,IRA,1353051.81,2017-09-20,13,True
1794,Felicia,Bruce,49,Lake Sean,New York,92353,Balanced,Retail,Taxable,239475.1,2022-08-01,6,True
1795,Darren,Martin,58,Lake Tiffany,NJ,79826,Conservative,Retail,Roth IRA,349792.17,07/02/2019,4,True
1796,Samuel,Richardson,63,Smithhaven,NY,91440,Moderately Aggressive,Retail,Trust,239492.9,2017-12-11,22,True
1797,Amy,Barnes,48,West Samuelchester,VA,9274,Conservative,HNW,Trust,3714444.31,2015-07-10,17,True
1798,Jose,Fry,75,Thomashaven,DE,32381,Conservative,Retail,Trust,376697.55,2022-04-02,5,True
1799,Nancy,Martinez,34,North Ashley,GA,87616,Moderately Aggressive,Retail,Taxable,99379.75,2016-07-28,5,True
1800,Donna,Gardner,60,Timothyburgh,TX,76800,Moderately Aggressive,HNW,Taxable,1199938.95,2018-04-22,25,True
1801,Anita,Hall,31,West Dean,MD,92444,Aggressive,HNW,Roth IRA,3579969.49,2018-02-15,14,True
1802,Nathan,Dixon,75,North Aliciaview,OH,77253,Moderately Aggressive,Retail,Taxable,489397.34,2019-03-30,14,True
1803,Kevin,Cain,46,Samanthafort,MD,28492,Aggressive,Retail,Trust,266086.86,2016-07-05,3,True
1804,Thomas,Mendoza,43,East Paulside,PA,9796,Balanced,HNW,529,3924049.54,2016-03-02,5,True
1805,David,Hicks,39,South Williamland,PA,74708,Moderately Aggressive,HNW,IRA,3781618.58,2016-04-26,9,True
1806,Courtney,Gutierrez,44,Sharonview,NY,53767,Moderately Conservative,Retail,IRA,395027.42,2015-06-24,22,0
1807,Ryan,Harrell,40,Johnsonstad,PA,51720,Moderately Aggressive,Retail,Trust,419274.24,2018-08-06,23,True
1808,Mary,Walker,34,South Christina,MD,67288,Balanced,Retail,529,402222.61,2022-02-09,20,True
1809,Debbie,Campos,65,East Carol,OH,38200,Balanced,Retail,IRA,131534.71,2018-12-23,8,True
1810,Charles,Greene,53,Jonesland,DE,92837,Moderately Conservative,Retail,Taxable,104207.54,2022-02-17,9,yes
1811,Dustin,Davidson,37,Joshuaview,NY,61384,Conservative,Retail,Trust,495679.46,2020-03-14,1,True
1812,Valerie,Peterson,33,Samanthafort,DE,67536,Balanced,Retail,Taxable,327410.31,2018-11-25,13,True
1813,Katherine,Franco,47,South Matthew,CT,91127,Moderately Conservative,HNW,IRA,2332837.36,2018-12-01,8,True
1814,Matthew,Black,58,West Crystalview,New York,38373,Balanced,UHNW,Taxable,20128003.32,2019-10-03,17,True
1815,Jeremy,Mcintosh,31,Rebeccashire,PA,25570,Aggressive,HNW,Roth IRA,2421827.73,2017-10-15,4,True
1816,Kirk,Petersen,45,  RAMIREZCHESTER  ,CA,88277,Balanced,HNW,Roth IRA,1711607.4,2020-04-09,23,True
1817,Kayla,Zamora,48,Port Kayla,AZ,39169,Balanced,HNW,Taxable,2381333.9,2016-07-08,6,False
1818,Gina,Marquez,31,Jamesmouth,NC,76752,Balanced,Retail,Roth IRA,68400.11,2019-02-28,7,True
1819,David,Sharp,45,Danielleborough,NJ,78899,Balanced,Retail,529,178392.64,2021-04-26,4,True
1820,Maria,White,44,Brooksfurt,MN,63984,Moderately Conservative,Retail,Trust,243908.39,2020-09-25,12,True
1821,Sarah,Stevens,35,Dustinland,PA,33601,Moderately Aggressive,Retail,Taxable,200426.97,2015-12-30,22,True
1822,Nicholas,Pierce,63,Smithborough,PA,33899,Balanced,HNW,IRA,561477.13,2022-06-03,11,True
1823,Shawn,Ewing,79,Williamchester,PA,26609,,Retail,Roth IRA,212255.92,2017-02-15,24,True
1824,Tina,Fuller,61,Larsonfort,MI,57802,Moderately Conservative,Retail,529,400463.74,2018-02-04,12,True
1825,David,White,45,Kathleenton,FL,5879,Conservative,Retail,IRA,157213.5,2021-10-10,19,True
1826,Joshua,Dunn,34,Davidville,NJ,97890,Balanced,UHNW,IRA,22282221.05,2020-06-28,21,True
1827,Jamie,Vance,35,North Danielview,DE,37750,Moderately Conservative,HNW,Taxable,3841643.47,2018-06-09,19,True
1828,Jerry,Montgomery,69,Sarahstad,DE,31481,Conservative,HNW,IRA,4857485.82,2016-03-19,7,True
1829,Angela,Stewart,34,East Linda,CT,50737,Conservative,Retail,Taxable,367097.02,2016-08-16,18,True
1830,Christina,Best,47,New Joyview,PA,64235,Balanced,HNW,Trust,3285546.66,2015-12-30,25,True
1831,John,Russell,74,South Chelsea,PA,23247,Balanced,UHNW,IRA,14089960.26,2022-05-04,2,True
1832,Joshua,Smith,54,Ryanfurt,NY,58980,Aggressive,UHNW,529,10752437.51,2016-09-15,23,True
1833,Craig,Miller,76,Ramosfurt,OH,81117,Aggressive,Retail,529,163636.48,2021-01-01,12,True
1834,Andrew,Hubbard,56,Lake Travis,NC,69174,Moderately Conservative,Retail,Taxable,452710.86,2017-09-26,14,True
1835,Andrew,Romero,54,Masseyborough,New Jersey,49385,Balanced,Retail,529,80468.82,2016-02-27,17,True
1836,Chris,Hood,38,Jacksonfurt,CA,27650,Conservative,HNW,529,4058983.28,2016-09-28,9,True
1837,Michael,Hill,36,Rachelfurt,AZ,79201,Conservative,HNW,Roth IRA,3635178.02,2022-01-07,2,True
1838,Susan,Parks,31,  LAKE HEIDI  ,WA,59777,Moderately Aggressive,UHNW,IRA,48011131.48,2020-09-13,24,True
1839,Andrew,Armstrong,59,Parkerfort,VA,57686,Moderately Conservative,Retail,529,416540.08,2020-10-16,17,True
1840,Regina,Davis,38,Michaelview,PA,48551,,HNW,Trust,4871922.88,2022-04-16,25,False
1841,Jordan,Moore,63,Port Brenda,Minnesota,68287,Aggressive,Retail,Trust,279175.27,2019-10-16,13,True
1842,Lisa,Singleton,41,Diazbury,NY,12293,Balanced,Retail,IRA,323248.27,2020-08-27,1,True
1843,Erik,Gilbert,41,West Christianview,MN,59889,Conservative,Retail,529,122001.37,2016-03-11,23,True
1844,Donald,Graham,78,East Robert,FL,22341,Aggressive,Retail,529,53987.6,2019-03-01,15,True
1845,Jesse,Davis,74,New Diamondburgh,TX,38281,Moderately Aggressive,Retail,529,276717.99,2019-05-20,9,0
1846,Sheri,Jacobson,42,North Lindsey,NJ,26110,Aggressive,Retail,Roth IRA,186534.58,2019-10-27,23,False
1847,Chase,Mejia,35,Lisaburgh,CT,70487,Balanced,Retail,IRA,170831.59,2015-12-29,8,True
1848,Steven,Hodges,43,East Amanda,DE,24986,Balanced,Retail,Roth IRA,70525.61,2016-12-18,2,True
1849,Alan,Foley,45,Williamtown,OH,66156,Balanced,Retail,IRA,337826.9,2019-01-13,9,True
1850,Brian,Taylor,31,South Ericberg,PA,32210,Balanced,UHNW,IRA,44302227.91,2021-11-21,7,True
1851,Mary,Berry,28,Stevenmouth,NY,23457,Conservative,Retail,Roth IRA,290567.72,2020-09-05,21,0
1852,Jennifer,Martin,51,North Tonyaberg,GA,576,Balanced,Retail,Roth IRA,322321.79,2017-04-18,3,True
1853,Allison,Burns,63,Piercefurt,TX,69320,Moderately Conservative,HNW,Roth IRA,4758925.22,2018-09-24,24,True
1854,Deborah,Stone,67,Waltonhaven,New York,53936,Moderately Conservative,HNW,Roth IRA,1101252.2,2016-05-02,11,True
1855,Michaela,Martinez,68,East Charlesstad,Pennsylvania,39618,Balanced,UHNW,Taxable,49336757.79,2015-12-04,12,True
1856,Rebecca,Reyes,45,Nathanielmouth,CA,64362,,Retail,IRA,148675.82,2016-08-03,9,True
1857,Allen,Graham,62,South Michelle,MA,98703,Conservative,HNW,529,4872221.17,2016-02-13,4,True
1858,Laura,Sanders,72,North Rachel,GA,58045,,HNW,Trust,3751709.87,2017-01-08,21,True
1859,Reginald,Marquez,68,Nicolemouth,GA,17594,Balanced,UHNW,529,16580532.6,2018-04-29,18,True
1860,Brett,Gould,56,West Nathanielstad,NY,61461,Moderately Conservative,Retail,IRA,142771.55,2022-04-10,11,True
1861,Paige,Wiggins,65,New Kellyhaven,PA,72801,Balanced,HNW,Trust,1709570.76,2018-10-25,5,True
1862,Sarah,Melton,74,Jonesmouth,PA,25860,Moderately Conservative,Retail,Trust,250725.16,2017-06-25,12,True
1863,William,Smith,58,East Julieside,NJ,35839,Balanced,HNW,Taxable,1167503.85,2015-06-24,16,True
1864,William,Mccoy,39,Andrewfurt,IL,44284,Balanced,HNW,IRA,1316810.95,05/21/2021,7,True
1865,Steven,Howell,74,Michealhaven,PA,77259,Balanced,HNW,IRA,3063460.93,2015-12-27,21,True
1866,Samuel,Freeman,47,Lake Kimberlyshire,NC,66816,Balanced,HNW,IRA,1769199.11,2015-07-16,6,True
1867,Tammy,Fitzpatrick,71,Riveramouth,TX,96373,Balanced,Retail,529,417874.64,2020-10-11,7,True
1868,Joseph,Thomas,32,North Christina,PA,36645,Balanced,HNW,Trust,812543.54,2018-02-26,8,True
1869,Bobby,Turner,69,East Robert,NJ,25884,Balanced,HNW,Trust,2547608.72,2018-05-04,4,True
1870,Margaret,Hernandez,36,Veronicaborough,CO,575,Aggressive,Retail,Taxable,375938.12,2022-12-04,20,True
1871,Frank,Johnson,52,Buchananbury,AZ,61882,Aggressive,Retail,Taxable,94878.47,2022-04-27,4,0
1872,Gabriel,Chambers,76,North Elizabethmouth,PA,81345,Aggressive,Retail,Taxable,421953.01,2020-10-27,5,0
1873,Nathan,Harrison,33,Barbaraside,CT,97771,Conservative,Retail,Roth IRA,161754.33,08/23/2017,5,True
1874,Elizabeth,Rose,66,Lindabury,CT,30149,Moderately Conservative,Retail,Taxable,472369.28,2021-07-08,1,True
1875,Ryan,Nelson,34,Victorfurt,NJ,7223,Conservative,HNW,529,4809279.61,2022-08-13,24,True
1876,Kevin,Roy,73,Port Earlbury,MA,29199,Moderately Aggressive,Retail,Taxable,418214.91,2022-01-16,7,True
1877,John,Stein,76,Lake Amystad,Florida,54587,Moderately Aggressive,HNW,529,1126535.44,2020-12-08,15,True
1878,Robert,Rivera,47,East Franciscofort,NJ,87386,Balanced,Retail,Roth IRA,416959.22,07/13/2015,16,True
1879,Lee,Small,31,Sullivanchester,PA,20692,Moderately Aggressive,Retail,529,119531.0,2018-04-24,23,True
1880,Tiffany,Cook,62,Davidbury,DE,64270,Moderately Conservative,Retail,Taxable,170355.49,2022-01-11,1,True
1881,Travis,Mullen,34,South Russell,MD,31317,Balanced,Retail,529,421216.21,2017-04-16,10,True
1882,Cheryl,Martin,54,New Mark,GA,49895,,Retail,IRA,96154.74,2021-10-28,1,True
1883,Craig,Miller,29,East Amberfort,VA,12600,Balanced,Retail,IRA,460475.13,2022-06-22,14,True
1884,Laura,Terry,50,North Aaron,NJ,23775,Moderately Conservative,HNW,Roth IRA,2234223.75,2015-04-06,8,True
1885,Kelly,Bridges,71,Elizabethland,PA,5800,Balanced,UHNW,Trust,46476091.29,2016-04-27,22,True
1886,Kyle,Garcia,80,North Christinaborough,NY,22774,Conservative,Retail,Taxable,447900.76,2022-03-05,16,yes
1887,Madison,Henry,35,Brittneyhaven,PA,9896,Conservative,Retail,IRA,126301.58,2021-08-26,4,True
1888,Justin,Brown,46,Erichaven,FL,13099,Moderately Conservative,Retail,Roth IRA,480409.92,2018-12-21,3,True
1889,Jeffrey,Campbell,35,Phelpsburgh,PA,91584,Moderately Conservative,Retail,Roth IRA,327063.55,2018-10-12,3,True
1890,Shaun,Lynn,66,Kellyfurt,TX,55285,Moderately Conservative,Retail,IRA,453013.92,2021-06-15,6,True
1891,Joe,Rollins,49,Elizabethborough,FL,32047,Aggressive,Retail,529,242882.78,2018-09-09,6,True
1892,Jacqueline,Johnson,37,New Nancyberg,FL,14614,Aggressive,Retail,Roth IRA,355744.99,2022-12-25,20,True
1893,David,Sharp,50,Kayleemouth,NJ,76427,Moderately Conservative,Retail,Taxable,417903.15,2016-11-29,9,True
1894,Timothy,Ortiz,70,Sharonborough,VA,62527,,HNW,Roth IRA,4623054.6,2020-03-31,9,True
1895,Michael,Myers,73,  CARLTON  ,NY,33554,Balanced,HNW,Taxable,4148237.37,2018-02-11,1,0
1896,Lisa,Ford,37,Bowersmouth,MA,59432,Balanced,HNW,IRA,4377712.89,2016-01-24,11,True
1897,Mark,Levy,56,Barrettshire,VA,92232,Moderately Conservative,HNW,Trust,1165010.82,2016-06-21,3,0
1898,Misty,Martin,55,Robertfort,NY,44351,Moderately Aggressive,Retail,Roth IRA,100923.82,2016-03-08,5,True
1899,Nicole,Allen,36,Kruegerborough,NJ,94975,Moderately Conservative,Retail,IRA,90701.16,2016-06-11,25,True
1900,Benjamin,Smith,48,Jenniferstad,IL,44695,Moderately Conservative,Retail,Trust,223257.83,2015-01-08,14,True
1901,Timothy,Holloway,54,East Dylan,MI,89676,Moderately Conservative,Retail,529,266579.85,2020-04-07,21,True
1902,Jill,Wagner,79,Prestonshire,Florida,80777,Balanced,Retail,IRA,200059.32,2022-05-30,13,True
1903,James,Carrillo,59,South Tamarashire,PA,72213,Balanced,Retail,529,238396.83,2017-04-27,18,True
1904,Wendy,Bryant,62,Marvinchester,PA,77744,Conservative,Retail,IRA,271670.63,2020-01-06,13,True
1905,Latoya,Wells,73,Hickmanshire,NJ,30771,Moderately Conservative,HNW,Trust,876279.75,2022-05-20,17,True
1906,Mary,Walker,72,Kevinton,CT,30578,Moderately Conservative,UHNW,IRA,31004439.78,2020-05-06,23,True
1907,Bethany,Foster,51,New Jermainebury,VA,59385,Conservative,Retail,Taxable,89262.6,2016-11-29,7,True
1908,Aaron,Williams,29,Port Lindaside,GA,72137,Conservative,Retail,Roth IRA,497257.39,2022-07-08,18,True
1909,Allen,Oneill,36,Kaylaton,PA,65596,Moderately Conservative,HNW,Taxable,2632668.58,2022-11-28,2,True
1910,Jason,Stanley,51,Kimberlybury,NJ,51491,Balanced,Retail,IRA,460112.87,2019-06-26,10,True
1911,Mark,Gardner,63,North Gina,PA,10944,Aggressive,UHNW,Trust,25717477.36,2017-08-18,8,True
1912,John,Castillo,42,East Sarahview,NY,22655,Conservative,HNW,Taxable,1448318.16,2020-04-04,24,True
1913,Emily,Perry,72,  HARRISBURGH  ,Texas,47874,Balanced,Retail,IRA,112010.59,2015-10-13,13,True
1914,Sarah,Collins,72,North Tonyaville,IL,937,Conservative,Retail,Trust,379886.68,2022-08-17,12,True
1915,Cameron,Townsend,34,Tammyville,PA,59652,Conservative,HNW,529,743375.05,2017-09-12,3,True
1916,Vincent,Conley,66,Dixonfort,NY,88056,Conservative,Retail,IRA,264571.96,2019-11-30,1,True
1917,Kristen,Kelly,37,West Gregoryborough,MD,71975,Moderately Aggressive,Retail,Taxable,116099.0,2022-07-23,8,True
1918,Jessica,Bartlett,64,North Francismouth,MI,21517,Balanced,Retail,Trust,84679.38,2019-03-06,5,True
1919,Hannah,Lee,58,Anthonyfurt,IL,99690,Conservative,Retail,IRA,394437.97,2018-06-17,24,True
1920,Lindsay,Parsons,47,Lewisborough,NY,81906,Moderately Aggressive,Retail,Trust,287352.52,2020-02-06,14,True
1921,Kiara,Adkins,56,Lake Jeremyfort,CA,73568,Balanced,HNW,Taxable,3751508.39,2021-03-01,10,True
1922,Paul,Day,31,North Benjamin,New York,25153,Conservative,Retail,Taxable,100070.0,2015-01-11,20,False
1923,Michael,Huerta,60,Deborahchester,PA,98769,Moderately Aggressive,Retail,IRA,388009.82,2021-09-12,1,True
1924,Tara,Atkins,55,East Meganhaven,NY,74086,Moderately Conservative,HNW,Trust,2283758.11,2021-02-15,18,True
1925,Brittany,Kennedy,44,Davidton,DE,84135,Moderately Aggressive,Retail,529,370133.04,2017-07-15,17,True
1926,Larry,Short,42,Benjaminville,PA,7698,Balanced,UHNW,Trust,18771528.17,2022-07-05,6,True
1927,Elizabeth,Murillo,33,Lisaberg,PA,37288,Balanced,UHNW,529,17232242.37,2017-09-19,13,True
1928,Robert,Jones,36,Charlesport,GA,97314,Conservative,Retail,IRA,490066.83,2017-05-25,13,yes
1929,Andrew,Zavala,42,Jackland,TX,18513,Balanced,UHNW,Trust,32856969.22,2022-06-13,6,True
1930,Carrie,York,63,Danielview,MD,44250,Conservative,UHNW,529,42012723.45,2017-07-18,3,True
1931,David,Ray,57,East Brandonport,PA,72617,Moderately Conservative,Retail,Trust,417451.48,2021-01-13,11,True
1932,Robin,Miller,53,Rebeccaport,TX,13665,Balanced,Retail,Trust,343714.98,2022-02-28,6,True
1933,Karen,Williams,51,Davismouth,TX,35765,Conservative,HNW,Trust,746022.46,2020-12-04,7,True
1934,Derrick,Davis,34,North Patriciaton,FL,62003,Balanced,Retail,Taxable,171463.8,2021-06-22,12,True
1935,Richard,Rodriguez,49,New Sheila,PA,32951,Balanced,UHNW,Taxable,32143557.52,2015-08-28,8,True
1936,Gary,Wong,62,Lake Lisafort,PA,29129,Conservative,UHNW,Taxable,17699311.91,2020-10-29,3,True
1937,David,Rojas,28,  SOUTH ADAM  ,NJ,69048,,Retail,Roth IRA,145359.48,2021-12-31,7,True
1938,Barbara,Blair,68,  SOUTH AMY  ,NY,8282,Moderately Aggressive,Retail,Taxable,298261.12,2018-06-09,8,True
1939,Christina,Price,64,Maxfurt,CA,77934,Moderately Conservative,HNW,529,1711256.06,2018-04-17,2,True
1940,Beth,Adams,78,Lake Robertfort,MA,691,Aggressive,Retail,Trust,303682.69,2022-10-27,2,True
1941,Richard,Lee,33,Hayleyshire,PA,24665,Moderately Conservative,Retail,Roth IRA,71622.01,2021-07-06,1,True
1942,Betty,Coffey,76,East Jennifer,AZ,30759,Moderately Conservative,Retail,Roth IRA,491243.73,2022-12-25,13,True
1943,Julie,Simon,48,Andersonborough,Illinois,36748,Balanced,HNW,Trust,2750972.37,2022-09-03,24,True
1944,Autumn,Pearson,36,Port Heatherchester,TX,14519,Balanced,HNW,Taxable,2101267.82,2017-09-24,11,False
1945,Sergio,Thomas,75,Port Miguelchester,OH,50141,Moderately Aggressive,HNW,529,2332789.53,2020-04-10,4,True
1946,Erin,Ramos,77,Port Cynthia,VA,27604,Balanced,Retail,IRA,275979.7,2018-02-10,1,True
1947,Jacob,Wade,52,South Tracy,FL,36401,Balanced,Retail,Trust,314228.98,2018-07-01,19,True
1948,Johnny,Hamilton,30,North Kimberly,MA,8311,Conservative,HNW,Roth IRA,4409655.58,2020-12-25,6,True
1949,Alice,Harris,57,West Donaldview,PA,23708,Conservative,Retail,Taxable,118192.01,2018-05-29,21,False
1950,Alexander,Floyd,73,New Shawnport,NJ,84944,Conservative,Retail,IRA,91980.89,2016-10-17,7,True
1951,James,Shields,69,Stuartview,TX,21532,Conservative,HNW,IRA,4133642.15,2018-11-04,25,True
1952,Samuel,Anderson,60,Lake Todd,NY,29189,Balanced,Retail,529,373349.54,2022-11-21,24,0
1953,Andrea,May,61,North Joseph,WA,49106,,HNW,Roth IRA,3239325.17,03/05/2019,15,True
1954,Hannah,Nelson,49,Julietown,WA,8754,Moderately Conservative,HNW,Roth IRA,4034083.36,2019-07-15,12,True
1955,Nicole,Allen,55,Johnnybury,MA,99819,Conservative,Retail,Taxable,330561.85,2022-08-29,23,True
1956,Sarah,Foley,52,Lake Tyler,NY,69749,Balanced,Retail,IRA,398378.75,2015-01-10,7,True
1957,Susan,Murphy,66,Bradleytown,CT,63549,Moderately Conservative,HNW,Taxable,4986542.74,2016-07-18,5,True
1958,Daniel,Torres,59,Kingview,Pennsylvania,77334,Balanced,Retail,Taxable,305105.39,2016-08-05,1,True
1959,Richard,Wilkinson,47,Codyfort,IL,82371,Balanced,Retail,529,114180.13,2016-07-27,3,True
1960,John,Williams,57,Michaelbury,FL,70295,Moderately Conservative,Retail,Roth IRA,274510.52,2017-08-31,6,True
1961,Jeremy,Bernard,38,Lake Charlesshire,NC,18457,Moderately Conservative,Retail,Taxable,470325.19,2016-11-06,9,True
1962,Michelle,Harris,50,Nicholsland,NY,13950,Moderately Aggressive,HNW,Taxable,3094302.31,2020-06-12,3,True
1963,Theresa,Alexander,77,East Joann,NC,29136,Conservative,HNW,Trust,1306338.14,2017-12-19,9,True
1964,Benjamin,Smith,44,Martinezview,AZ,84782,Moderately Aggressive,Retail,Trust,493764.49,2019-09-16,21,True
1965,Shannon,Clark,35,Sandraville,NJ,12757,Moderately Conservative,Retail,529,465872.35,2021-06-10,16,True
1966,Kylie,Herrera,46,North Thomas,VA,36818,Conservative,Retail,Trust,67816.69,2019-04-30,14,False
1967,Diane,Dominguez,71,Port Tracyborough,WA,54477,Aggressive,Retail,IRA,435650.43,2022-02-05,15,True
1968,Craig,Gordon,67,New Joshua,DE,56482,Balanced,HNW,Roth IRA,2150295.2,2020-07-27,12,True
1969,Sarah,Mullins,54,North Joanne,FL,82710,Balanced,Retail,529,87570.75,2019-07-28,15,True
1970,Elizabeth,Lee,71,East Joan,NY,96503,Conservative,Retail,Taxable,168272.34,2016-06-08,20,True
1971,Margaret,Gonzalez,31,Stevenmouth,Pennsylvania,30074,Conservative,Retail,IRA,489844.24,2019-12-13,23,True
1972,Anthony,Swanson,28,  WEST COURTNEY  ,TX,39769,Moderately Conservative,Retail,IRA,419555.77,2021-09-04,4,True
1973,Ryan,Watts,38,South Nicholas,NY,22963,Balanced,Retail,529,180797.27,2017-12-30,13,True
1974,Amanda,Cohen,42,Rodriguezburgh,PA,28260,Aggressive,Retail,Trust,434223.14,2015-08-02,15,True
1975,Robert,Hamilton,50,West Jennifer,CA,94050,Moderately Conservative,Retail,Trust,351117.75,2019-06-10,15,True
1976,Erica,Dodson,80,Oliviaburgh,CA,78393,Conservative,Retail,Trust,339118.02,2019-04-06,4,True
1977,Ashley,Mckay,74,Jacksonmouth,NJ,37093,Conservative,HNW,Taxable,886201.46,2017-07-11,13,True
1978,Catherine,Howe,40,East Richardfurt,NJ,70683,Balanced,UHNW,Trust,39569749.27,2018-09-19,11,True
1979,Christopher,Perkins,49,North Jerry,FL,92286,Aggressive,Retail,529,79012.19,2019-04-08,16,True
1980,Mercedes,Castro,75,Blankenshipshire,NC,93883,Conservative,HNW,Trust,1456858.34,2020-11-24,4,True
1981,Derek,Holmes,30,Port David,Arizona,7153,Moderately Aggressive,Retail,529,175268.78,2019-01-25,5,True
1982,Catherine,Wilkerson,37,New Andrea,NJ,44949,Aggressive,Retail,IRA,476840.16,2019-03-14,11,True
1983,Clayton,Green,66,Port Gregory,NY,56563,Balanced,HNW,Trust,3056929.57,2018-12-03,2,True
1984,Mary,Taylor,51,Lake Daisy,VA,68390,Conservative,Retail,Trust,471406.85,2016-03-07,16,True
1985,Scott,Henderson,41,Lake Kathleenmouth,IL,22079,Balanced,HNW,Taxable,1460393.74,2020-06-13,25,True
1986,Victoria,Morgan,45,Port Alexandertown,IL,87648,Moderately Aggressive,Retail,Roth IRA,357652.15,2020-07-11,21,True
1987,Michelle,Sharp,37,West Frederickshire,NJ,11126,Moderately Conservative,HNW,Taxable,1292475.29,2015-08-30,9,True
1988,James,Benton,47,South Kristenside,IL,85376,Moderately Conservative,Retail,Trust,232280.82,2017-12-21,14,True
1989,Kristin,Goodman,70,Lake Edwardstad,MN,41506,Moderately Conservative,Retail,Roth IRA,286150.07,2018-01-12,6,True
1990,Darius,Rocha,33,  KARENVIEW  ,PA,21377,Balanced,Retail,Trust,423747.09,2015-09-06,11,True
1991,Lisa,Burke,47,Mitchellhaven,CT,10541,Moderately Conservative,Retail,IRA,483514.6,2016-03-15,7,0
1992,Madison,Roberts,54,West Nicolaston,NY,66973,Balanced,UHNW,Trust,20717431.66,2018-06-23,16,True
1993,Anthony,Greene,78,Lake Josebury,CA,50032,,Retail,IRA,290977.83,2017-10-05,23,True
1994,Matthew,Ward,72,Alyssafurt,MA,50009,Moderately Conservative,Retail,529,246552.79,07/03/2019,13,True
1995,Joe,Hernandez,63,Williammouth,NC,48940,Balanced,UHNW,529,42035706.38,2020-04-15,7,True
1996,Michael,Underwood,70,Blairside,MD,94124,Balanced,Retail,529,85013.92,2015-04-26,20,False
1997,Terry,Russell,70,South Carrie,CT,81006,Moderately Aggressive,UHNW,Roth IRA,11507775.78,2019-06-19,1,True
1998,Christine,Buchanan,57,Port Claudiahaven,GA,24718,Moderately Conservative,HNW,IRA,1177278.26,2016-01-03,16,False
1999,Bruce,Pham,35,Port Peterhaven,FL,16788,Moderately Aggressive,Retail,Trust,438935.61,2022-02-13,9,False
2000,Rose,Rodgers,28,Connieview,Illinois,84882,Balanced,Retail,Trust,284311.26,2016-06-02,5,True
2001,Stacy,Jimenez,68,New James,NC,94634,Balanced,HNW,529,3354318.74,2021-02-09,4,True
2002,Allison,Brown,75,Johnland,TX,19047,Balanced,Retail,IRA,66418.69,2020-07-27,14,yes
2003,Christine,Phillips,77,New Ashley,VA,88253,Moderately Aggressive,UHNW,IRA,36340073.94,2020-05-02,20,True
2004,Kyle,Evans,50,East Natashaberg,DE,48769,Balanced,Retail,IRA,219900.46,2020-10-10,7,True
2005,Megan,Jordan,64,West Susanview,VA,11270,Conservative,Retail,Taxable,487285.03,2018-09-11,12,True
2006,Billy,Price,29,Moorestad,Pennsylvania,99808,Aggressive,Retail,Roth IRA,416200.71,2017-04-28,10,True
2007,Morgan,Lopez,35,Lake Emma,NY,45056,Aggressive,HNW,Trust,2759383.4,2019-05-07,21,True
2008,Jacob,Lee,54,Lake Christopherfurt,NY,40835,Aggressive,HNW,Trust,4995716.76,2018-04-16,12,True
2009,Joshua,Roberts,62,Port Jeremiahville,PA,48784,Moderately Conservative,HNW,Trust,2084950.49,2016-12-06,17,True
2010,Heidi,Stone,49,Martinberg,Connecticut,61538,Conservative,Retail,Taxable,488331.57,2019-11-18,6,True
2011,Heidi,Nunez,51,Benjaminton,NJ,38692,Moderately Conservative,Retail,IRA,256470.6,2016-11-28,18,True
2012,Sabrina,Clark,62,Jameshaven,PA,34280,,Retail,Trust,317701.31,2019-09-11,13,True
2013,Nicole,Martinez,70,Port Donald,CA,13893,Moderately Aggressive,Retail,Trust,178262.57,2015-09-21,21,True
2014,Jennifer,Gibson,67,Griffithville,PA,71853,Aggressive,HNW,Taxable,1774617.63,2015-05-22,3,True
2015,Theresa,Allen,34,Lake Erikafort,PA,28915,Aggressive,UHNW,Taxable,41267289.32,2016-01-29,21,True
2016,Dawn,Key,54,South Melissaland,PA,11493,Moderately Aggressive,HNW,Taxable,573919.22,2022-05-05,16,False
2017,Cheryl,Wagner,67,Victoriaville,FL,61018,Aggressive,HNW,529,3874746.56,2022-09-07,4,True
2018,Michele,Maxwell,60,North Rhondaborough,MD,3983,Aggressive,Retail,529,335086.32,2022-12-23,2,True
2019,Anthony,Rodriguez,54,Rodriguezberg,CA,78776,Moderately Aggressive,Retail,IRA,350469.56,2019-03-11,8,True
2020,Alexander,Barker,63,Thomasfort,WA,35089,Conservative,UHNW,Trust,39959611.37,2020-10-31,4,True
2021,Mackenzie,Carlson,58,Rangelborough,NY,51849,Balanced,Retail,Taxable,138002.11,2017-12-10,12,True
2022,Laura,Anderson,57,North Larryland,PA,16645,Conservative,HNW,Trust,4854272.46,2021-12-18,21,True
2023,Danielle,Andrews,75,New Kellybury,NJ,52536,Moderately Aggressive,Retail,Trust,366725.73,2019-03-28,1,False
2024,Matthew,Johnson,78,Port Wendy,GA,26021,Moderately Conservative,Retail,IRA,472827.56,2016-05-13,17,True
2025,Jennifer,David,70,North John,PA,36548,Aggressive,Retail,Roth IRA,177621.99,2017-09-06,10,True
2026,Robert,Davis,78,Lake Julieport,NY,17547,Conservative,HNW,Trust,4273178.79,2019-02-26,22,0
2027,Richard,Burgess,54,Crystalmouth,CA,31650,Moderately Conservative,Retail,Taxable,158699.5,2018-12-09,1,True
2028,Randall,Graham,78,New Heatherville,CA,98325,Balanced,HNW,Roth IRA,618110.68,2016-01-12,17,True
2029,Kimberly,Smith,66,East Nancyton,MD,68692,Conservative,Retail,Roth IRA,419015.48,2022-01-28,11,True
2030,Michael,Sanders,64,Port Monicatown,TX,51132,Moderately Conservative,Retail,Trust,126684.84,2016-03-25,8,True
2031,Stanley,Flores,53,North Stephanie,NY,29153,Moderately Conservative,HNW,IRA,3000828.12,2017-01-12,20,True
2032,Matthew,Williams,31,Hicksburgh,PA,57679,Balanced,HNW,529,3399954.61,2019-07-29,14,True
2033,Todd,Boone,68,Hinesberg,TX,81920,,HNW,Trust,1079917.09,2016-09-07,24,True
2034,Alice,Baker,48,North Johnside,NJ,1150,Conservative,Retail,529,128172.77,2021-05-07,6,0
2035,Tracie,Deleon,34,Kennethfort,NC,87940,Balanced,Retail,IRA,246830.71,2022-04-20,17,True
2036,Jill,Rice,64,Williamsbury,NY,85060,Moderately Conservative,HNW,Trust,1032677.28,2017-12-29,25,True
2037,Jennifer,Brown,44,Shannontown,PA,79888,Balanced,Retail,529,332293.27,2021-07-29,6,False
2038,William,Kaiser,41,Port Keithshire,PA,24327,Moderately Aggressive,HNW,Taxable,4769151.37,2022-06-24,3,True
2039,Jennifer,Chavez,28,Brandiburgh,MA,53304,Balanced,HNW,529,615381.04,2021-01-17,5,True
2040,Jasmin,Hanson,73,Wangshire,NC,49766,Balanced,Retail,529,62518.25,2021-12-15,3,True
2041,Diane,Greer,29,Davishaven,GA,39239,Moderately Aggressive,UHNW,IRA,30730722.56,2016-02-29,15,True
2042,Kristen,Riley,77,East Mark,PA,13994,Moderately Conservative,UHNW,Roth IRA,33550841.8,2017-05-09,6,True
2043,Kelsey,Clay,42,East Pamela,VA,14703,Moderately Aggressive,HNW,Roth IRA,1578748.48,2016-06-24,7,True
2044,Kimberly,Weiss,43,Kimberlychester,IL,53481,Conservative,Retail,Trust,290937.75,2019-07-06,25,True
2045,Susan,Brown,31,New Thomasfurt,NY,84418,Moderately Aggressive,Retail,Roth IRA,167215.88,2015-12-10,3,True
2046,Kathryn,Compton,68,Lake Scottborough,PA,41068,Moderately Aggressive,Retail,Taxable,470739.15,2019-06-29,21,True
2047,Virginia,Perez,34,West Elizabeth,CA,79458,Moderately Conservative,HNW,Taxable,4931590.28,2022-04-05,15,True
2048,Debra,Roach,35,Lake Penny,DE,99724,Conservative,HNW,Taxable,4672395.61,2015-02-21,5,False
2049,Lori,Mitchell,39,West Susanville,NJ,19173,Moderately Conservative,HNW,Taxable,1771083.67,2022-03-20,3,True
2050,Ashley,Hamilton,51,New Lindaberg,IL,53746,Balanced,HNW,IRA,2724102.73,2019-09-21,13,True
2051,Michael,Rhodes,78,Guerreroland,NJ,72671,Balanced,Retail,Taxable,95302.27,2018-01-22,14,False
2052,Nicholas,Russell,68,Port Jayside,Maryland,63668,Balanced,Retail,Taxable,83109.19,2021-06-20,7,True
2053,Corey,Rivas,52,Port James,IL,69773,Conservative,HNW,Roth IRA,3593013.85,2017-07-05,21,False
2054,Matthew,Bradshaw,79,West Meganview,Connecticut,52755,Balanced,HNW,IRA,4587360.8,2019-05-01,6,True
2055,John,Hogan,39,Melissaview,NY,82557,Moderately Aggressive,Retail,529,184439.74,2022-03-10,21,True
2056,Melissa,Wall,30,South Karen,OH,629,Moderately Aggressive,Retail,Taxable,322994.69,2015-01-20,11,True
2057,Melissa,Hamilton,58,Solomonfurt,CA,8706,Balanced,HNW,529,4971828.1,2022-12-26,20,True
2058,Darryl,Petty,38,Gordonland,NJ,11145,Moderately Conservative,Retail,529,295917.25,2020-05-06,24,True
2059,Lisa,Rogers,35,North Sierrafurt,OH,69682,Moderately Aggressive,Retail,IRA,164525.46,2015-06-13,20,True
2060,Deborah,Miller,29,Port Joanton,NJ,59894,Conservative,HNW,529,632998.59,04/06/2018,17,True
2061,Gregory,Soto,41,Port Brandi,NJ,58607,Balanced,Retail,Roth IRA,392432.44,2020-02-19,4,True
2062,Courtney,Williams,29,Jeffreyview,NY,35906,Conservative,HNW,Roth IRA,4543575.67,2015-02-19,5,True
2063,Tyler,Ramos,74,Peterton,NY,94127,Balanced,Retail,IRA,148892.5,2022-07-17,9,True
2064,Nicole,Barber,40,Powersberg,NJ,45661,Balanced,UHNW,Taxable,17314991.7,2015-02-26,12,True
2065,Lauren,Reese,69,Hardyfort,Michigan,50894,Moderately Conservative,UHNW,Roth IRA,36863760.84,2022-05-20,15,True
2066,Tina,Cunningham,59,Port Kimberlytown,PA,52573,Conservative,Retail,Trust,385337.51,2022-06-28,17,True
2067,Emily,Baker,40,East James,PA,30924,Balanced,Retail,Roth IRA,475855.55,2015-09-18,6,True
2068,David,Velazquez,73,Jenniferburgh,NY,27058,Conservative,Retail,Roth IRA,139044.4,2017-10-03,13,True
2069,Susan,Rodriguez,78,South Alexburgh,NC,89372,Conservative,Retail,529,96302.57,2015-10-24,10,True
2070,Carrie,Smith,41,East Karenbury,TX,67779,,Retail,Trust,124543.9,2022-11-01,14,True
2071,Louis,Mcdonald,55,Nicholasborough,PA,29107,Balanced,Retail,529,447285.8,2018-07-31,24,yes
2072,Patricia,Gardner,48,Josephton,VA,95657,Aggressive,Retail,529,172253.27,2022-09-08,4,True
2073,Michelle,Morris,55,Port Randall,NY,67382,,Retail,IRA,323283.04,05/06/2015,19,True
2074,Lisa,Reynolds,68,Wandabury,MA,59711,Balanced,Retail,Taxable,208811.98,2016-08-21,15,True
2075,John,Garcia,30,Fergusonberg,NJ,61214,Moderately Aggressive,HNW,529,1252620.74,2020-12-04,9,True
2076,Victor,Palmer,46,North Alexis,NY,21666,Moderately Aggressive,Retail,529,314091.16,2020-02-10,21,True
2077,Natalie,Shannon,61,North Courtney,CA,34723,Conservative,Retail,Roth IRA,477670.14,2019-02-26,13,True
2078,Terri,Jackson,39,Jessicafort,NY,96344,Balanced,Retail,Roth IRA,63472.98,2020-06-29,14,True
2079,Samuel,Chang,50,Port Lynn,CA,32355,Moderately Conservative,UHNW,IRA,40590336.76,2022-01-04,3,True
2080,Melanie,Thompson,51,Rickymouth,TX,30504,Conservative,Retail,Roth IRA,146832.87,2019-07-31,5,True
2081,Shannon,Rodgers,35,Floydshire,NJ,71882,Moderately Conservative,HNW,Taxable,4007815.49,10/01/2020,11,True
2082,Roy,Becker,73,South Timothyton,NY,53278,Balanced,HNW,Roth IRA,3597315.86,2021-11-19,7,True
2083,Tyler,Mccullough,78,Port Laura,VA,48353,Moderately Aggressive,HNW,Roth IRA,2594194.82,2021-02-11,8,False
2084,Nicholas,Thomas,52,East Jeffrey,CO,46284,Balanced,UHNW,Roth IRA,30273826.26,2017-08-15,20,True
2085,Erik,Gay,41,Alexismouth,CA,71158,Moderately Aggressive,Retail,Taxable,145478.82,2022-11-28,18,True
2086,Sharon,Mcdaniel,66,Hudsonland,Massachusetts,69030,Aggressive,UHNW,Taxable,17512181.08,2020-03-17,19,True
2087,Sharon,Jones,54,West Ashley,PA,60364,Conservative,Retail,Trust,451698.81,2021-01-14,11,yes
2088,Stephanie,Grant,40,Joeside,OH,38355,Moderately Aggressive,HNW,IRA,4160275.13,2021-04-07,2,True
2089,Miranda,Benton,59,North Melissa,NJ,4945,Conservative,Retail,Taxable,411226.34,2022-08-11,9,True
2090,Heather,Hall,35,Proctorview,PA,67001,Moderately Conservative,Retail,Trust,239556.76,2022-10-01,6,True
2091,Deborah,Evans,65,Meghanhaven,MD,73054,Balanced,HNW,Trust,3206438.06,2020-01-13,8,True
2092,Deborah,Campbell,46,Garretthaven,NJ,60516,Balanced,UHNW,Taxable,30938621.8,2022-09-12,21,True
2093,Karen,Johnson,64,Davisburgh,WA,31339,Moderately Conservative,Retail,Taxable,402487.54,2022-02-27,15,True
2094,Richard,Myers,53,New Kayla,FL,86579,Moderately Conservative,Retail,Taxable,177964.62,2016-06-29,18,True
2095,Sarah,Hayes,30,Deleonland,NC,94795,Conservative,Retail,Roth IRA,463115.52,2020-01-08,21,True
2096,Teresa,Simpson,58,Cruzberg,NJ,82242,Balanced,HNW,Taxable,573225.31,2019-08-06,14,True
2097,Samuel,Crawford,45,Port Mary,NY,42459,Moderately Conservative,Retail,Roth IRA,375464.15,2019-02-16,25,True
2098,James,Gamble,33,Port Dawnmouth,TX,89834,Conservative,UHNW,529,20562101.07,2019-03-12,25,True
2099,Raymond,Lopez,67,West Brett,PA,35802,Aggressive,HNW,Taxable,1909285.98,2022-01-23,13,False
2100,Elizabeth,Parrish,57,Jamesmouth,WA,90365,Moderately Conservative,Retail,Trust,184299.72,2018-08-26,21,True
2101,Benjamin,Nunez,35,West Rachel,DE,23557,Balanced,Retail,Roth IRA,485218.64,2021-03-23,20,True
2102,Matthew,Brooks,42,Ianhaven,FL,52035,Conservative,Retail,Taxable,96234.62,2018-09-07,1,True
2103,Phillip,Taylor,48,Jacobbury,MD,83593,Moderately Conservative,Retail,Trust,112430.49,2022-08-11,8,True
2104,Frances,Stevenson,40,Kristinebury,PA,26003,Balanced,Retail,Roth IRA,126586.15,2019-05-15,18,False
2105,Rachel,Armstrong,72,West Richardview,AZ,10935,Moderately Aggressive,Retail,Taxable,495304.26,2020-06-22,9,True
2106,Sabrina,Lopez,30,Jenniferfort,MA,23818,Conservative,HNW,Taxable,4474937.06,2022-04-23,2,True
2107,Matthew,Jackson,32,South Sophia,FL,29553,Moderately Aggressive,HNW,Roth IRA,4762151.87,2021-12-11,11,True
2108,Jeffrey,Moreno,78,Curtishaven,NC,14422,Moderately Conservative,HNW,Trust,3595647.18,2019-06-24,9,True
2109,Peter,Diaz,36,Stonefurt,Georgia,73728,Balanced,HNW,529,3643991.74,2017-08-05,15,True
2110,Chelsea,Avila,48,Mallorybury,PA,1497,Conservative,Retail,IRA,103955.64,2016-07-21,25,True
2111,Courtney,Wilson,54,Port Danielfort,New York,79013,Moderately Aggressive,Retail,Trust,312858.64,2018-11-15,22,True
2112,Brandon,Boyd,61,Brandiview,NJ,5441,Moderately Conservative,Retail,IRA,105067.99,2015-09-09,19,True
2113,Michael,Foster,59,West Kellyville,PA,43331,Aggressive,Retail,Roth IRA,265067.07,2021-08-14,11,True
2114,James,Robinson,58,West Christine,DE,28611,Moderately Conservative,Retail,IRA,397689.79,2021-07-16,3,0
2115,Thomas,Singleton,46,East Laurenmouth,Pennsylvania,42092,Moderately Aggressive,Retail,Taxable,168715.42,2015-05-14,12,True
2116,Susan,Baker,43,Lake Michelle,NY,14801,Balanced,Retail,IRA,301331.86,2017-04-08,23,True
2117,Kayla,Miller,59,Gregoryfurt,NY,81204,Conservative,Retail,Taxable,85107.53,2019-03-26,7,True
2118,Whitney,Horton,41,Hoffmanberg,PA,99822,Balanced,Retail,Trust,55907.65,2018-10-28,13,True
2119,Joseph,Anderson,34,Richardberg,VA,43871,Moderately Conservative,HNW,Roth IRA,1345628.43,2019-06-17,7,True
2120,Robin,Parsons,76,Brownmouth,NJ,76990,Aggressive,HNW,529,4162979.38,2019-01-19,17,True
2121,Laura,Cole,76,Ramirezburgh,CT,18617,Balanced,UHNW,Roth IRA,43630647.54,2018-12-10,23,False
2122,Matthew,Rogers,-5,Ambermouth,NJ,96562,Balanced,HNW,529,2543098.84,2019-09-15,4,True
2123,Tamara,Hogan,42,Kristinport,IL,23802,Moderately Conservative,Retail,Roth IRA,461356.37,2019-01-06,13,True
2124,Kevin,Mendez,67,North Lisachester,CT,44055,Conservative,Retail,529,488779.11,2015-03-16,7,True
2125,Sarah,Smith,40,North Ericport,CA,49325,Conservative,Retail,Taxable,401009.48,2020-02-11,9,True
2126,Brenda,Johns,71,East Davidville,NJ,43227,Aggressive,Retail,Roth IRA,240392.29,2021-12-11,19,True
2127,Chad,Smith,37,Timothyhaven,PA,27251,Balanced,Retail,Trust,341772.33,2020-01-25,4,True
2128,Ronald,Rojas,43,West Kevinhaven,PA,69286,Moderately Conservative,Retail,Taxable,385261.7,2019-12-07,15,True
2129,Paul,Harvey,29,Thomasbury,NC,55953,Balanced,HNW,Trust,1341633.95,2018-08-04,22,True
2130,Dana,Alexander,50,Dawnberg,PA,98398,Moderately Conservative,Retail,Roth IRA,288898.43,2015-01-19,4,True
2131,Michael,Robertson,33,West Keith,FL,9622,Aggressive,Retail,Roth IRA,467117.47,2019-03-16,14,True
2132,Linda,Thompson,53,Lake Dennisland,MA,17054,Balanced,HNW,529,1454297.12,2016-08-07,14,True
2133,Douglas,Randall,31,Lake Kevinland,Pennsylvania,8232,Moderately Conservative,Retail,Trust,278567.07,2018-01-06,9,True
2134,Alan,Davis,31,South Jose,NJ,21492,Moderately Aggressive,Retail,Trust,216401.3,2016-08-18,24,True
2135,Angela,Cooper,40,Port Thomas,CA,68485,Moderately Conservative,Retail,Roth IRA,467608.98,2020-08-24,7,True
2136,Elizabeth,Thompson,66,West Timothy,FL,42555,Aggressive,Retail,Roth IRA,231211.45,2017-01-30,17,True
2137,Teresa,Hart,61,Timothyfurt,NY,20785,Balanced,Retail,Trust,323351.66,2021-11-25,4,True
2138,Sheri,Nguyen,69,New Lisamouth,MA,50624,Balanced,Retail,IRA,356522.24,2022-03-12,4,True
2139,Angela,Blair,31,Brownburgh,NY,94648,Moderately Conservative,Retail,Taxable,148810.89,2018-07-07,19,True
2140,David,Harrison,32,South Graceborough,DE,58552,Moderately Conservative,UHNW,529,16978021.01,2021-04-18,4,True
2141,Jessica,Frost,67,Port Sara,NC,43207,Moderately Conservative,Retail,Trust,173956.76,2016-06-15,13,True
2142,Eric,Moses,42,Lake Robert,MA,22939,Moderately Aggressive,Retail,Roth IRA,226798.44,08/22/2022,16,True
2143,Jessica,Lloyd,78,Lake Kevinside,OH,72676,Moderately Conservative,HNW,IRA,1425674.19,2016-02-25,12,True
2144,Peggy,Nguyen,73,Jacquelinebury,Maryland,76208,Moderately Conservative,Retail,529,336604.65,2021-11-04,10,True
2145,Amber,Flores,34,Josephville,CT,64608,Moderately Conservative,Retail,IRA,380247.02,2020-10-18,17,True
2146,Steven,Manning,67,Robinsonfurt,VA,38491,Moderately Conservative,Retail,Trust,458502.1,2016-12-22,24,True
2147,Andrew,Cook,72,Beckyfort,CA,80613,Moderately Aggressive,Retail,IRA,187395.88,2020-09-20,6,True
2148,Darren,Barry,32,Smithshire,IL,23350,Conservative,HNW,IRA,1918006.25,2018-07-09,6,False
2149,Fernando,Rivera,57,Wolffort,NJ,94710,Conservative,HNW,IRA,1994698.92,2015-11-25,1,True
2150,Tracy,Woodard,55,Devonside,IL,68520,Balanced,Retail,Roth IRA,349714.12,2016-12-10,1,True
2151,Edward,Burnett,44,East Laurafurt,FL,96079,Balanced,HNW,Taxable,1298817.73,2021-04-28,6,True
2152,Michelle,Kelley,28,North Nicole,Texas,35275,Conservative,Retail,529,355641.32,2021-01-31,12,True
2153,Tracy,Cochran,65,Stonehaven,CA,75070,Moderately Conservative,HNW,Taxable,4862936.89,2018-07-04,16,True
2154,Frances,Steele,58,Elizabethstad,NY,24704,Conservative,HNW,Taxable,4429483.42,2016-11-22,2,False
2155,Amanda,Glass,64,East Andreport,PA,31471,Balanced,Retail,Roth IRA,418516.9,2022-05-18,8,True
2156,Deanna,Briggs,38,Danielland,NJ,45968,Moderately Conservative,Retail,IRA,286371.13,2021-09-05,25,False
2157,Frank,Clark,47,North Kimberlyshire,FL,22452,Aggressive,Retail,Roth IRA,92259.54,2021-03-26,15,True
2158,Jessica,Matthews,50,Elizabethland,AZ,40188,Moderately Aggressive,UHNW,529,27079783.25,2016-08-03,9,True
2159,Joshua,Parrish,44,North Cheryl,IL,26234,Aggressive,HNW,Roth IRA,3485338.35,2022-04-16,15,True
2160,Barbara,Gay,50,East Gloriafort,NY,12681,Conservative,HNW,Roth IRA,561024.74,2019-11-14,23,True
2161,Darius,Sanders,61,Lake Edward,MD,27665,Balanced,HNW,529,2001824.92,2016-04-04,16,False
2162,Michelle,Bradshaw,71,Ortizberg,TX,7513,Moderately Conservative,Retail,529,100742.48,2015-12-03,24,True
2163,Kelsey,Nunez,37,North Patrickville,WA,17475,Balanced,HNW,Trust,3379101.4,2022-04-21,8,True
2164,Bobby,Williamson,37,South Derekmouth,NJ,87233,Balanced,Retail,Roth IRA,346715.11,2020-12-09,16,True
2165,Allison,Kim,64,East Sara,VA,98382,Conservative,Retail,Trust,63907.1,2020-11-01,12,True
2166,Benjamin,Armstrong,33,Jamesborough,FL,70775,Aggressive,Retail,IRA,142838.38,2015-02-09,13,True
2167,Harold,Curtis,45,Kimberlyville,WA,20113,Moderately Aggressive,Retail,529,337430.19,02/10/2021,15,0
2168,Julian,Garcia,61,Andrewside,CA,90028,Balanced,Retail,IRA,494299.25,2018-02-27,9,True
2169,Alicia,Weeks,50,New Elizabethberg,Texas,20178,Aggressive,HNW,Roth IRA,4596473.01,2019-10-08,13,True
2170,Nicholas,Smith,45,Lake Melanie,Massachusetts,46372,Moderately Conservative,Retail,Roth IRA,315116.53,2020-10-08,7,True
2171,Mary,Jones,61,Port Sarahshire,CA,78646,Balanced,UHNW,Roth IRA,6849498.98,2017-10-05,20,True
2172,Kimberly,Silva,78,Port Coltonmouth,NY,16052,Balanced,Retail,Trust,105332.57,2016-02-19,19,True
2173,James,Mcconnell,78,Amberfurt,NJ,40732,Balanced,HNW,Roth IRA,4856688.66,2021-02-05,10,True
2174,David,Mathis,28,Shellyberg,NC,3862,Moderately Aggressive,Retail,Trust,99585.76,2016-02-16,22,True
2175,Timothy,Brown,71,West Christinafort,GA,30753,Conservative,Retail,IRA,116208.99,2019-06-17,17,False
2176,Joshua,Jackson,67,South Jenniferland,PA,57022,Moderately Aggressive,Retail,529,485002.16,05/29/2018,22,True
2177,Brittany,Gutierrez,59,East Michelle,MA,70106,Moderately Aggressive,HNW,Roth IRA,1231730.7,2020-03-13,3,False
2178,Rachel,Peterson,28,Stephanieburgh,CA,90213,,Retail,Trust,409903.28,2020-01-20,2,True
2179,Adrian,Haynes,80,Antonioton,NY,16844,Balanced,HNW,529,1477963.86,2015-02-19,4,True
2180,Michael,Stein,47,Elliottmouth,MN,48809,Conservative,HNW,Taxable,739369.77,2018-05-21,14,True
2181,Kristin,Dean,28,Scottstad,VA,49255,Conservative,HNW,Taxable,2085149.84,2017-04-12,9,True
2182,Megan,Bautista,46,Timothyville,PA,18439,Moderately Aggressive,Retail,529,111973.45,2021-09-10,22,True
2183,John,Hamilton,63,North Angelaville,OH,67895,Balanced,UHNW,IRA,48133593.16,2015-12-25,3,0
2184,Jared,Shaffer,37,Spencerville,New Jersey,59395,Aggressive,Retail,IRA,370938.69,2018-03-10,14,0
2185,Kathryn,Davis,33,South Zachary,VA,71853,Moderately Conservative,Retail,Roth IRA,313351.18,2015-02-08,8,True
2186,Connor,Acosta,50,Sethberg,PA,78193,Conservative,Retail,IRA,64461.51,2015-03-31,22,True
2187,Jennifer,Mccann,55,South Christopherhaven,NC,6065,Balanced,HNW,Trust,3366700.92,2018-04-08,4,True
2188,Cristian,Brown,47,West Christopher,WA,6766,,Retail,529,451865.14,2021-07-02,10,True
2189,Keith,Booker,55,Travisborough,OH,53010,Conservative,HNW,Roth IRA,1279858.86,2016-05-26,19,True
2190,Jane,Johnson,77,Whiteside,PA,69723,Moderately Aggressive,HNW,IRA,1126293.62,2020-05-29,9,True
2191,Sean,Warner,63,Tylerborough,PA,16294,Moderately Aggressive,HNW,IRA,1110608.38,2019-06-28,10,True
2192,Matthew,Cooke,47,New Richard,PA,58104,Conservative,HNW,529,1872482.43,2022-05-17,21,True
2193,Mary,Preston,39,Morrowland,FL,46800,Aggressive,Retail,Trust,257519.47,2019-09-06,14,True
2194,Alicia,Rivas,61,Smithton,PA,35366,Conservative,HNW,Trust,932190.34,2018-03-23,23,True
2195,Ronald,Collins,71,Courtneytown,CO,99472,Conservative,Retail,Roth IRA,190967.21,2015-07-18,15,True
2196,Darren,Griffin,57,Estradaville,WA,33572,Conservative,Retail,Trust,209387.23,2015-04-20,14,True
2197,Kaitlyn,Baker,63,  NEW KAYLA  ,DE,72857,,Retail,Taxable,257577.79,2015-07-18,25,yes
2198,Jennifer,Todd,76,Audreymouth,FL,33176,Balanced,HNW,IRA,2394133.8,2020-05-04,20,True
2199,Jasmine,Stewart,78,North Jonathan,MI,80304,Moderately Aggressive,Retail,IRA,458081.95,2019-01-05,19,True
2200,Lindsey,Evans,36,Noblefurt,Pennsylvania,79944,Moderately Conservative,HNW,529,2804930.58,2019-03-26,18,True
2201,Trevor,Walker,46,East Stevenmouth,PA,90305,Balanced,Retail,Taxable,454960.59,2015-12-18,25,True
2202,Robert,Morrison,36,Curtisfurt,IL,13552,Aggressive,HNW,Trust,4302983.04,2016-03-09,22,0
2203,Todd,Cisneros,79,Castilloview,TX,33038,Moderately Conservative,Retail,529,52678.78,11/12/2016,15,True
2204,Grant,Morris,33,East Jillian,NJ,68053,Balanced,Retail,Taxable,427639.12,2020-05-10,9,True
2205,Brooke,Aguilar,69,New Seantown,TX,9282,Moderately Conservative,Retail,Taxable,423452.43,2020-09-09,11,True
2206,Rhonda,Martin,80,Charlesberg,NY,3949,Moderately Aggressive,Retail,Roth IRA,317452.86,2016-09-18,19,True
2207,Brent,Murray,49,North Christopher,NJ,7699,Balanced,HNW,Taxable,2666605.55,2021-09-22,4,True
2208,Donna,Hopkins,71,Codyside,NC,11470,Balanced,Retail,529,383212.82,2016-11-18,24,True
2209,Gabrielle,Potter,72,  LESTERVILLE  ,PA,11445,Moderately Aggressive,HNW,IRA,3726281.2,2022-10-21,17,True
2210,Sydney,Simon,75,Sarahhaven,MN,4503,Aggressive,Retail,Trust,114868.36,2021-07-09,5,True
2211,Melissa,Waller,71,Shannonport,NJ,70638,Balanced,Retail,IRA,150594.61,2016-02-08,10,True
2212,Katherine,Hayes,74,Alejandrabury,TX,75354,Moderately Conservative,UHNW,Taxable,33270775.82,2022-11-10,16,True
2213,Teresa,Brooks,40,New Geraldtown,CO,34514,Moderately Aggressive,Retail,Taxable,330648.77,2019-04-27,3,True
2214,Robert,Flores,66,Port Meganborough,NY,50341,Conservative,Retail,Taxable,50016.07,2019-07-04,17,True
2215,Kevin,Powell,41,  EAST WILLIAMFORT  ,NY,88888,Balanced,Retail,Taxable,93588.64,2021-07-14,16,True
2216,Joseph,Martin,60,Castrohaven,CT,20219,Moderately Aggressive,Retail,Trust,61095.37,2018-09-15,13,False
2217,Karen,Lane,35,Beckton,NJ,35514,Moderately Conservative,Retail,Roth IRA,75043.92,2015-05-06,13,True
2218,Michael,Reeves,39,Rebeccaland,FL,76650,Balanced,Retail,IRA,267673.79,2018-05-22,18,True
2219,Michael,Williams,67,East Tony,TX,88868,Moderately Aggressive,Retail,Trust,167122.19,2022-02-23,22,True
2220,Hannah,Grant,55,Jenniferstad,CA,14526,Aggressive,HNW,IRA,3277213.33,2021-03-25,21,0
2221,Steve,Yates,37,Whiteton,PA,79766,Conservative,Retail,IRA,59746.05,05/29/2022,6,True
2222,Jacqueline,Campbell,72,Reyesbury,NJ,94919,Conservative,Retail,529,280181.75,2017-02-12,7,True
2223,Cheryl,Johnson,46,Huntberg,PA,8989,Moderately Aggressive,UHNW,Roth IRA,26427127.95,2018-07-20,22,True
2224,Eric,Morgan,65,Thomasstad,GA,76522,Balanced,UHNW,Trust,9500885.85,2021-01-29,12,True
2225,Margaret,Russell,53,North Wayne,MI,75719,Moderately Aggressive,Retail,Trust,350464.85,2022-09-05,23,True
2226,Kimberly,Adams,57,Patelhaven,NY,30379,Moderately Aggressive,HNW,Trust,4099348.38,11/29/2019,14,True
2227,Nicole,Taylor,46,Randallberg,PA,99184,Aggressive,Retail,Trust,116674.94,2019-03-20,4,True
2228,Carolyn,Jones,28,New Marissaland,Florida,39809,Moderately Aggressive,Retail,529,303894.09,2015-08-04,10,True
2229,Yolanda,Rodriguez,69,West Donna,PA,79103,Moderately Aggressive,Retail,529,65337.59,2020-02-13,15,False
2230,Frank,Hoover,50,Lake Richard,MD,30994,Aggressive,HNW,IRA,691843.09,2016-09-15,15,True
2231,Jennifer,Kline,57,Jacobbury,MD,6240,Balanced,Retail,Roth IRA,447090.88,2022-05-06,1,True
2232,Manuel,Dixon,50,Cooktown,NY,22203,Moderately Conservative,Retail,529,491789.16,2017-11-18,17,True
2233,Stephanie,Christensen,73,Thomasville,NJ,81278,,Retail,529,144851.06,2015-10-12,13,True
2234,Louis,Johnson,39,Lake Keith,IL,4204,,HNW,IRA,2808703.2,2021-04-19,12,True
2235,Robert,Bruce,64,Camposfort,OH,98480,Balanced,UHNW,Roth IRA,34517002.35,2015-07-10,15,yes
2236,Zachary,Graves,78,New Ambertown,New Jersey,53022,Moderately Conservative,UHNW,IRA,37183204.99,2018-09-10,9,True
2237,Andrea,Davis,70,South Josephhaven,MN,14209,Balanced,Retail,Roth IRA,403232.42,2021-04-18,13,True
2238,Mary,Dean,69,Simsview,VA,72055,Conservative,HNW,Trust,806945.49,2018-05-18,13,True
2239,Elizabeth,Williamson,66,Lake Theresa,DE,52382,Moderately Aggressive,HNW,IRA,4831497.54,2020-07-27,19,True
2240,Andrea,Collins,60,Bradleyland,PA,43404,Moderately Conservative,Retail,529,368825.08,2017-09-20,9,True
2241,Jose,Edwards,48,North Davidberg,New York,95184,Balanced,HNW,529,1082398.86,2019-10-16,19,True
2242,Henry,Kirk,67,Vangbury,PA,91856,Aggressive,Retail,Trust,206642.85,2022-06-05,3,True
2243,Pamela,Williams,74,North Thomaschester,NY,89992,Moderately Aggressive,UHNW,IRA,7021810.94,2020-10-28,8,True
2244,Jeremy,Carlson,34,Clarkmouth,VA,33079,Moderately Conservative,Retail,Trust,93443.2,2018-04-14,22,True
2245,Jenna,Martinez,76,Markton,PA,50175,Moderately Aggressive,Retail,IRA,264385.85,2018-11-19,25,True
2246,Brandon,Wheeler,74,Lindsayport,PA,70015,Conservative,Retail,IRA,413849.97,2022-10-08,4,True
2247,John,Williams,39,Lutzview,IL,97567,Conservative,Retail,Trust,454907.44,2021-11-21,25,True
2248,Christina,Reynolds,32,Williamschester,CA,34859,Conservative,HNW,Taxable,4879938.77,2016-04-17,20,True
2249,Lori,Velazquez,30,Rodneystad,CT,64730,Balanced,Retail,Taxable,162717.73,2021-01-18,15,True
2250,Matthew,Stafford,66,Pattonport,New Jersey,42304,Balanced,UHNW,Taxable,39350837.74,2022-09-19,6,True
2251,James,Hunter,72,South Davidstad,PA,34329,Conservative,Retail,Trust,194521.65,2021-05-22,13,True
2252,Nancy,Logan,68,Port Robert,NC,92329,Conservative,Retail,529,109947.49,2017-04-24,18,True
2253,Daniel,Chen,44,Jeremyton,NY,1701,Balanced,UHNW,Trust,13988049.28,2020-07-22,15,True
2254,Emma,Martin,42,North Gregory,NC,39050,Moderately Aggressive,HNW,IRA,3554820.6,2016-06-12,24,True
2255,Kathleen,Hayes,80,  BENSONFORT  ,NJ,41214,Moderately Conservative,HNW,529,1229403.12,2018-03-18,7,True
2256,Kathryn,Austin,29,Johnsonland,DE,23684,Moderately Conservative,HNW,Taxable,887082.34,2017-03-31,7,True
2257,Tonya,Davis,36,Amandahaven,MA,84310,Balanced,UHNW,Taxable,6495763.63,2018-02-08,12,True
2258,Brian,Hodges,64,North Thomashaven,NY,52416,Aggressive,Retail,529,398473.55,2018-11-06,3,True
2259,Troy,Hansen,71,Port Christian,NY,76239,Balanced,Retail,529,203320.09,2019-10-06,16,True
2260,Shelly,Wallace,41,Port Joshuaberg,PA,94647,Balanced,Retail,529,135561.61,2018-04-08,16,yes
2261,Jose,Martin,50,Jonesville,PA,22078,Moderately Aggressive,Retail,529,275382.63,2015-06-06,18,True
2262,Allison,Perez,79,Petersonchester,CA,45815,,HNW,Taxable,4340397.2,2020-07-27,15,True
2263,Jessica,Delacruz,52,South Angelaburgh,NY,48800,Balanced,Retail,Taxable,242380.29,2022-11-12,19,True
2264,Stacy,Thompson,78,North Emily,CT,91558,Conservative,HNW,529,851647.13,2021-01-03,10,yes
2265,Wesley,Johns,59,Lauraview,NY,6680,Conservative,HNW,IRA,954108.52,2015-04-02,2,True
2266,Shirley,Scott,49,Justinmouth,WA,44874,Moderately Aggressive,Retail,Taxable,320670.31,2020-11-30,8,True
2267,Molly,Bruce,46,North Donaldborough,NJ,20707,Balanced,Retail,Roth IRA,419597.51,2022-06-23,13,yes
2268,Traci,Mitchell,32,Flemingland,NY,59581,Conservative,Retail,IRA,366472.99,2018-07-04,10,True
2269,Kim,Duran,64,Lake Kelly,Pennsylvania,84585,Conservative,HNW,IRA,836497.05,2020-06-04,17,True
2270,Garrett,Jackson,60,Port Marissa,NY,71135,Conservative,UHNW,Roth IRA,46931407.25,2018-01-13,13,True
2271,Gene,Jones,62,Gomeztown,OH,86360,Balanced,UHNW,Taxable,32839021.22,2019-05-05,19,True
2272,Laurie,Jones,44,Riverston,PA,33915,,Retail,Taxable,261940.42,2017-08-18,2,yes
2273,Cynthia,Johnson,44,West Jennifer,NJ,66435,Conservative,UHNW,IRA,20212035.92,2021-08-20,11,True
2274,Joseph,English,31,Melanieport,OH,2049,Conservative,HNW,IRA,4496126.14,2015-04-15,7,True
2275,Samantha,Graves,74,New Cesarfurt,NY,58243,,Retail,Roth IRA,296189.31,2018-10-17,25,True
2276,Justin,Stein,31,Reedburgh,FL,37050,Moderately Aggressive,HNW,IRA,3485012.57,2017-01-12,16,True
2277,Sabrina,Moses,64,Joseton,New Jersey,70196,Balanced,HNW,529,828103.56,09/06/2016,23,True
2278,Amanda,Ward,79,South Carrieborough,New York,59527,Moderately Conservative,Retail,Taxable,425751.56,2020-08-20,12,False
2279,Andrea,Smith,54,Johnville,Ohio,19779,Aggressive,Retail,529,491475.22,2019-04-17,24,True
2280,Susan,Hunt,33,Morganfurt,NJ,82040,Conservative,HNW,529,3255946.93,2019-07-17,16,True
2281,Ronald,Willis,45,Port Hannah,PA,8486,Balanced,UHNW,Taxable,47597030.44,2017-06-13,4,True
2282,Tricia,Olson,60,Port Timothy,Pennsylvania,36446,Balanced,HNW,IRA,660200.38,2021-09-18,21,True
2283,Erin,King,58,North Lisa,AZ,96039,Moderately Aggressive,HNW,Roth IRA,2076159.57,2022-11-21,8,True
2284,Amber,Stuart,31,Gregoryberg,NY,27204,Moderately Conservative,Retail,Taxable,59649.47,2021-08-26,25,True
2285,Deborah,Vargas,40,New Joe,DE,74951,Aggressive,Retail,529,401820.15,2021-05-03,20,True
2286,Edward,Rodriguez,71,Johnsonburgh,MD,74763,Balanced,UHNW,Taxable,43713251.22,2016-09-05,18,True
2287,Gerald,Camacho,52,Lake Belindaborough,DE,22492,Balanced,Retail,Trust,266978.0,2016-03-01,23,True
2288,Bradley,Wilson,72,East Gregory,MA,777,,UHNW,Trust,10635682.71,2015-02-17,18,True
2289,Heather,Cruz,56,Grayton,PA,4407,Balanced,Retail,Taxable,111996.69,2019-01-23,20,True
2290,Crystal,Powers,51,Espinozaville,PA,1969,Moderately Conservative,Retail,Roth IRA,492140.55,2019-05-19,7,True
2291,Lisa,Lopez,31,Roblesport,MN,8589,Moderately Aggressive,Retail,IRA,204406.54,2022-05-03,8,True
2292,Joe,Tran,28,Debraland,MA,77785,Aggressive,Retail,IRA,91395.86,2019-01-30,14,True
2293,Brandon,Olson,79,Loganside,MI,84585,Moderately Conservative,Retail,529,386364.06,2016-02-08,19,True
2294,Leslie,Ortiz,79,Marilynville,NJ,5071,Aggressive,UHNW,Taxable,7060087.39,2015-01-11,24,yes
2295,Jessica,Vang,31,Conleyfurt,NJ,24405,Aggressive,UHNW,Taxable,16246508.04,2015-01-11,2,True
2296,Lisa,Ramirez,39,Stephanieshire,NC,50202,Balanced,HNW,Roth IRA,1070221.52,2018-07-02,2,True
2297,Charles,Smith,66,South Ryanfurt,NJ,55824,Balanced,HNW,IRA,1913566.47,2017-02-23,10,True
2298,Charles,Stein,53,Hendricksport,PA,11844,Conservative,UHNW,Trust,10837231.0,2020-09-01,22,yes
2299,Janet,Snow,32,West Aaron,NJ,59092,,Retail,Taxable,105069.36,2019-05-02,9,True
2300,Craig,Mendez,41,Kelseyfort,FL,6000,Conservative,HNW,Trust,4722665.64,2019-03-08,23,True
2301,Alexis,Mejia,50,South Robert,OH,27017,Moderately Conservative,Retail,IRA,380848.38,2017-05-09,15,True
2302,Donald,Ferguson,51,Mooremouth,CT,2522,Conservative,Retail,529,370910.24,2019-03-23,10,True
2303,Amber,Grant,43,South Allisonfort,CA,81027,Aggressive,Retail,529,441036.92,2015-08-01,9,0
2304,Anthony,Pratt,62,Whitemouth,WA,10663,Balanced,Retail,529,193486.53,2019-07-22,4,True
2305,Penny,Johnson,54,East Andrew,CA,11901,Conservative,Retail,529,74298.89,2016-01-23,16,True
2306,Nicole,Gallagher,41,Shawnhaven,PA,76170,Moderately Aggressive,Retail,IRA,175902.73,2019-06-22,17,True
2307,Monique,James,75,Tiffanyside,TX,1267,Moderately Aggressive,Retail,529,153741.17,02/01/2021,7,True
2308,Tina,Duncan,74,North Kristen,CT,47845,Conservative,UHNW,IRA,10523662.24,2017-09-07,2,True
2309,Leonard,Bernard,72,Tuckerport,New York,93046,Balanced,HNW,Trust,4900593.65,2015-09-21,21,True
2310,Julie,Freeman,35,Guzmanland,CO,13158,Balanced,Retail,Taxable,393886.39,2019-05-02,16,True
2311,Laura,Newman,45,West Christopher,VA,93925,Conservative,UHNW,Roth IRA,42634634.28,2019-09-26,19,True
2312,Shelby,Graham,80,East Donald,OH,63091,Moderately Aggressive,HNW,Taxable,2228794.96,2017-09-03,2,True
2313,Briana,Cole,67,Jenniferstad,CT,35418,Moderately Aggressive,Retail,Trust,175591.62,2022-04-30,16,True
2314,Daniel,Spencer,52,Nathanton,MN,42307,Moderately Aggressive,Retail,Trust,58481.81,2018-06-24,15,True
2315,William,Smith,41,East Megan,NC,48626,Balanced,HNW,Trust,699869.98,2018-12-22,6,True
2316,Aaron,Andrews,62,North Crystalbury,IL,92792,Balanced,Retail,Taxable,346966.56,03/09/2022,22,True
2317,Robert,Sampson,62,Jacksonberg,VA,36997,Conservative,Retail,Roth IRA,187316.63,2021-10-11,1,True
2318,Theodore,Thompson,76,New Cheryl,NJ,95019,Aggressive,Retail,Roth IRA,459524.3,2022-01-30,9,True
2319,Joshua,Brown,65,Meyerhaven,FL,24456,Balanced,Retail,IRA,414609.66,2016-04-15,25,True
2320,Jose,Chavez,74,East Victorialand,OH,51551,Moderately Conservative,HNW,529,623053.12,2022-07-13,14,True
2321,Amy,Velazquez,78,Adamland,MA,8223,Balanced,UHNW,Taxable,43958403.13,2021-04-15,4,True
2322,Sherry,May,74,North Darrenstad,Florida,635,Conservative,Retail,Roth IRA,298982.37,2019-11-19,18,True
2323,Megan,Blackwell,64,Port Dianemouth,NY,24871,Moderately Aggressive,HNW,529,2585761.42,2018-06-02,25,True
2324,Julie,Williams,38,Jeremymouth,MA,7479,Conservative,Retail,Trust,283510.79,2021-07-25,15,True
2325,Derek,Williams,43,Joneschester,PA,78311,Balanced,Retail,IRA,385535.24,2017-07-05,1,True
2326,Alexis,Krueger,71,Rebeccaland,NY,66584,Moderately Conservative,UHNW,Roth IRA,17631505.88,2019-08-04,3,True
2327,Larry,Dawson,77,Jeremyberg,New York,74882,Balanced,Retail,529,499462.74,2019-03-05,10,True
2328,Robert,Peters,53,Port Meredith,MN,45670,Moderately Conservative,HNW,Taxable,2018895.59,2016-01-20,20,True
2329,Jonathan,Frye,45,South Maryland,CA,82343,Balanced,Retail,Roth IRA,173421.45,2021-05-05,21,False
2330,Xavier,Thomas,66,Harrisport,AZ,71072,Moderately Aggressive,HNW,Taxable,4146167.74,2015-08-30,4,True
2331,Rachel,Swanson,70,North Jonathanton,MD,20650,Moderately Conservative,HNW,Roth IRA,1881028.2,2017-10-24,9,True
2332,Anna,Bishop,56,Lake Isaac,NC,61878,Balanced,Retail,Trust,431416.7,2022-02-19,1,True
2333,Jason,Keith,57,Samuelhaven,CO,32214,Conservative,UHNW,Taxable,24795917.57,2017-09-12,12,True
2334,Samantha,Fisher,63,South Michelleside,NY,57572,Moderately Aggressive,Retail,IRA,266093.56,04/24/2015,14,True
2335,Ruben,Lee,33,Lake Wendy,CT,39766,Moderately Aggressive,Retail,Roth IRA,76363.18,2022-06-12,20,True
2336,Wesley,Payne,32,West Lauren,DE,50652,Moderately Conservative,HNW,Trust,2981515.42,2022-05-14,6,True
2337,Lauren,Mccoy,78,Richardberg,New York,71305,Moderately Conservative,Retail,Roth IRA,166103.13,2015-05-19,9,True
2338,Matthew,Griffin,36,Mcintoshton,New Jersey,52074,Conservative,HNW,IRA,4410749.17,2017-11-17,21,True
2339,Christine,Gomez,67,  SUSANBURGH  ,Washington,27500,Balanced,Retail,Taxable,128522.89,2019-07-08,8,True
2340,Jessica,Smith,30,New Sharonmouth,PA,14544,Moderately Conservative,Retail,IRA,101500.95,2015-05-05,22,True
2341,Cristina,Collins,56,Lake Veronicaville,PA,31115,Balanced,HNW,529,2780236.34,2015-10-19,11,True
2342,Christopher,Garcia,73,Davistown,PA,19155,Conservative,Retail,IRA,68880.01,2017-08-17,2,0
2343,Kenneth,Dunlap,44,Brownburgh,NY,22546,Moderately Aggressive,HNW,Roth IRA,4782667.06,2020-01-26,1,True
2344,Richard,Oliver,50,West Lisa,VA,35634,Moderately Aggressive,Retail,529,355274.52,2020-08-02,23,True
2345,Christopher,Thompson,43,North Elizabethburgh,NC,57876,Moderately Conservative,Retail,Roth IRA,70129.88,2022-03-17,4,True
2346,Kristen,Mccullough,56,Monicaton,VA,1887,Balanced,HNW,Taxable,848656.14,2016-04-06,17,True
2347,Robert,Burnett,41,North Luismouth,CA,28628,,HNW,Roth IRA,848526.01,2021-11-25,19,True
2348,Sarah,Knox,80,Tammyshire,DE,34531,Balanced,HNW,Trust,2171117.13,2018-07-09,3,True
2349,Pamela,Morgan,46,Campbellfort,PA,13594,Moderately Aggressive,Retail,IRA,338849.16,2021-02-12,1,True
2350,Janet,Richard,78,Larsonton,IL,46882,Aggressive,HNW,Roth IRA,1969432.44,2020-08-30,11,True
2351,Brittany,Diaz,69,East Elizabethland,DE,6811,Moderately Conservative,Retail,Roth IRA,488794.47,2015-01-29,16,True
2352,Philip,Bernard,46,West Kendra,Maryland,2100,Conservative,Retail,529,474115.8,2016-08-16,1,True
2353,Phyllis,Wilson,30,Michaelton,IL,28617,Aggressive,HNW,Roth IRA,1221407.69,2018-06-05,5,True
2354,William,Hale,29,Calebside,CT,39808,Moderately Conservative,UHNW,Taxable,46034269.68,2020-01-06,20,True
2355,Renee,Moses,48,Nicoleburgh,NY,71993,Balanced,Retail,529,145165.84,2017-11-15,23,True
2356,Kathleen,Sanchez,60,Ginamouth,VA,19704,Conservative,HNW,529,4013931.88,2015-05-14,23,True
2357,Paul,Johnson,41,Stuartshire,MN,76209,Conservative,Retail,Trust,204823.74,2015-02-08,19,False
2358,Andrew,Duncan,74,North Amymouth,NJ,63087,Conservative,Retail,IRA,64669.79,2017-02-06,13,True
2359,Kimberly,Woodard,69,Masonberg,DE,94434,Aggressive,HNW,Taxable,3931753.26,2022-02-11,3,True
2360,Jeffery,Lee,42,Kristopherstad,MA,29995,,HNW,529,4813813.25,2015-03-01,17,True
2361,Philip,Ellis,68,  WEST MARK  ,GA,29070,Aggressive,UHNW,529,49901583.57,2016-04-14,24,True
2362,Michael,Smith,74,Lewisfurt,MA,41540,Balanced,Retail,Taxable,238136.05,2017-01-15,17,False
2363,Rachel,White,66,South Amandaburgh,NC,76799,Balanced,Retail,Trust,409192.5,2015-06-28,22,True
2364,Jacob,Valentine,56,East Kristina,GA,40833,Moderately Aggressive,Retail,Roth IRA,286001.63,2017-08-24,9,True
2365,Cody,Smith,64,New Billchester,Texas,89206,,HNW,Roth IRA,1377606.18,2015-05-16,8,True
2366,John,Walsh,79,Dixonbury,CA,2328,Balanced,HNW,Roth IRA,1979080.26,2016-03-18,8,True
2367,Rebecca,Davis,75,Wallaceberg,MD,81276,Conservative,Retail,Taxable,255119.53,2022-06-02,23,True
2368,Juan,Gregory,74,Cookshire,CO,73440,Balanced,HNW,Trust,1584709.15,2021-04-26,12,0
2369,Amy,Morris,63,North George,CT,97094,Moderately Aggressive,HNW,529,858605.32,2019-09-30,3,True
2370,Rodney,Jackson,69,East Stephaniebury,IL,55430,Conservative,Retail,Trust,461585.98,2020-05-14,20,True
2371,Nicole,Salinas,78,South Mitchell,Virginia,68745,Aggressive,Retail,Trust,153657.43,2016-06-28,8,True
2372,Jonathan,Lucero,80,Lake Caitlintown,PA,58817,Moderately Conservative,Retail,IRA,306204.01,12/01/2015,18,True
2373,Laurie,Wilkinson,54,Lake Karen,GA,1303,Aggressive,HNW,529,1602247.69,06/12/2016,22,True
2374,Ryan,Bernard,44,Lake Lauraburgh,NC,9351,Moderately Conservative,HNW,Roth IRA,1121630.69,2017-10-26,11,True
2375,Renee,Floyd,33,Sharpstad,IL,74627,Moderately Conservative,Retail,Trust,191229.95,2015-10-03,14,True
2376,Daniel,Rodriguez,37,Lewisstad,AZ,44058,Balanced,Retail,529,277261.67,2019-05-27,16,True
2377,Christopher,Chapman,77,Ashleymouth,NJ,90975,Balanced,HNW,IRA,3346833.95,2022-10-12,6,True
2378,Gary,Vazquez,28,Hawkinston,AZ,93408,Moderately Conservative,Retail,IRA,444382.56,2015-05-28,4,True
2379,Victoria,Morgan,76,South Amanda,CT,92168,Aggressive,HNW,529,2383815.21,2019-10-30,23,yes
2380,Jason,Kelley,75,Franklinberg,MA,67153,Moderately Aggressive,UHNW,Taxable,46855632.45,2022-04-08,5,True
2381,Timothy,Jackson,55,Martinport,WA,7502,Balanced,Retail,Taxable,441256.46,2020-04-04,23,True
2382,Wendy,Taylor,32,Martinton,FL,23783,Balanced,Retail,IRA,125121.04,2019-05-30,17,True
2383,Christina,Herrera,52,East Elaine,MD,20881,Balanced,HNW,Trust,4400959.95,2015-06-22,12,True
2384,Christopher,Ramirez,72,Dianaberg,NJ,98714,Moderately Aggressive,Retail,529,107353.84,2021-11-17,8,True
2385,Julie,Jones,35,Barbaraborough,NJ,92395,Moderately Conservative,UHNW,Roth IRA,37039258.02,2015-01-30,11,True
2386,David,Burton,67,East Barryborough,OH,7147,Moderately Aggressive,Retail,Taxable,316165.1,2017-03-20,24,yes
2387,Jennifer,Hernandez,75,East Jennifer,NJ,65778,Balanced,Retail,Roth IRA,70356.96,2017-11-15,15,False
2388,Sarah,Dominguez,68,East Nathanborough,Illinois,5931,Balanced,Retail,Trust,459803.4,2022-03-09,24,True
2389,Katherine,Gordon,46,Rogerston,PA,53868,Moderately Aggressive,Retail,Trust,425662.1,2017-01-10,23,True
2390,James,Fleming,39,West Jenniferbury,PA,58168,Aggressive,HNW,529,1105724.93,2018-08-27,17,True
2391,Michael,Leach,28,New Amandaberg,MA,9812,Aggressive,HNW,529,877052.71,06/20/2020,19,True
2392,Denise,Ewing,69,South Felicialand,NY,62062,Conservative,HNW,Trust,2164432.59,2017-05-22,13,True
2393,Michelle,Williams,39,New Kaitlyn,MI,70085,Conservative,Retail,529,194196.59,09/29/2016,24,True
2394,Sherry,Johnson,77,Port Tammy,NC,71438,Balanced,HNW,Taxable,3146363.95,2021-07-26,8,True
2395,Carl,Hughes,49,East Ashley,New Jersey,27111,Aggressive,Retail,Taxable,183806.84,2022-07-05,19,True
2396,Robert,Smith,61,West Richardstad,PA,55247,Moderately Conservative,UHNW,529,28295493.87,2021-09-23,17,True
2397,Rebecca,Stevens,55,South Jesusfurt,NJ,20551,Balanced,Retail,Roth IRA,429829.44,2015-09-03,11,True
2398,William,Long,76,Bruceshire,GA,38110,Balanced,Retail,IRA,222830.49,2021-03-24,5,True
2399,Krista,Turner,75,South Tammyfurt,MD,26236,Conservative,Retail,IRA,68870.49,2020-06-23,14,True
2400,Cassandra,Lopez,64,New Robert,CT,1619,,Retail,529,283610.74,2017-06-02,11,True
2401,Cassandra,Jackson,46,East Meghan,NJ,51008,Moderately Aggressive,Retail,IRA,94759.94,2016-01-29,4,True
2402,Nicole,Wilson,59,Tanyaview,NJ,28870,Conservative,Retail,Trust,179529.42,2021-04-14,8,True
2403,Elizabeth,Gillespie,46,Shelleyside,NC,91651,Balanced,Retail,Roth IRA,448407.12,2017-07-25,20,True
2404,Emily,Garcia,42,New Jessicaville,CT,97481,Balanced,HNW,Roth IRA,3890609.62,2019-12-25,5,True
2405,Rick,Fowler,63,Rebeccaland,FL,86748,,Retail,529,93189.21,2019-10-21,25,True
2406,Felicia,Baker,66,New Matthew,TX,31882,Conservative,Retail,Taxable,125983.59,2022-02-04,18,True
2407,Jennifer,Rivers,40,Staceyburgh,CA,48425,Conservative,Retail,Taxable,292062.16,2020-05-01,16,True
2408,Michael,Young,29,West Stacy,NJ,5053,Moderately Aggressive,HNW,Roth IRA,4246270.23,2021-06-20,7,True
2409,John,Miller,64,Melindahaven,NY,65972,Balanced,Retail,Trust,176826.89,2018-03-30,24,True
2410,Nathaniel,Higgins,36,Michellefurt,CA,90918,Balanced,Retail,Trust,250171.1,2019-07-05,10,True
2411,Joseph,Rivera,73,Moralesview,PA,95101,Moderately Conservative,Retail,Taxable,463097.84,2021-03-05,15,True
2412,Rachel,Reid,59,West Tammy,NJ,57725,Aggressive,HNW,Roth IRA,4499958.91,2017-12-18,3,True
2413,Thomas,Vincent,45,Hugheshaven,CA,50610,Moderately Aggressive,UHNW,Taxable,43902623.81,2022-09-11,12,True
2414,Bryce,Clark,75,Davidburgh,Pennsylvania,45492,,Retail,IRA,411638.49,2017-04-14,24,True
2415,Andrew,Wolfe,38,New Martinport,New York,67091,Moderately Aggressive,HNW,529,834576.48,2015-09-13,11,True
2416,Matthew,Hodges,68,West Kristin,NY,49156,Balanced,Retail,529,174248.61,2019-08-09,22,True
2417,Randy,Richard,73,North Melissa,PA,31896,Moderately Conservative,HNW,Roth IRA,3996705.07,2015-02-09,2,True
2418,Molly,Hill,73,West Kimberly,AZ,77637,Aggressive,Retail,529,245019.93,2022-11-23,11,True
2419,Joseph,Cruz,63,Brianview,NY,85784,,Retail,Taxable,135679.4,2019-05-10,21,True
2420,James,Sparks,43,South Lisa,IL,39953,Conservative,HNW,IRA,3322782.72,2021-03-18,19,True
2421,Olivia,Lewis,42,South Ashleybury,FL,86718,Moderately Aggressive,HNW,IRA,2192940.76,2021-02-28,9,True
2422,Jeremy,Woodward,59,North Amandaville,DE,65471,Balanced,Retail,IRA,261551.93,2022-07-09,24,True
2423,Lynn,Gillespie,36,North Christopher,PA,96169,Balanced,UHNW,IRA,27352688.15,2019-05-23,21,True
2424,Christopher,Cantu,61,Lucasborough,WA,48047,Moderately Aggressive,Retail,IRA,444138.78,2021-07-10,1,True
2425,Diane,Stevenson,59,South Pamela,PA,66756,Moderately Conservative,Retail,529,245443.45,2021-05-18,20,True
2426,Jordan,Richard,39,Williamsfort,MN,25928,Balanced,Retail,Taxable,143846.14,2020-02-21,14,True
2427,Frank,Wong,67,Lake Allisonmouth,MD,97752,Moderately Aggressive,HNW,Trust,3595917.47,2021-07-24,21,True
2428,Jeffrey,Wallace,68,Andersonchester,NY,52969,Conservative,HNW,Roth IRA,3127545.3,2020-06-15,16,True
2429,Richard,Lee,39,North Joshuaton,GA,85134,Aggressive,Retail,Roth IRA,288707.51,2021-08-13,8,True
2430,Sara,Soto,70,Lisamouth,NY,70887,Balanced,Retail,Trust,443767.58,2015-07-03,16,True
2431,Sara,Richardson,53,North Anthonyberg,NC,63919,Moderately Aggressive,Retail,529,408535.78,2021-11-06,12,0
2432,Gregory,Anderson,46,Jacobmouth,FL,87345,Aggressive,HNW,Taxable,2945359.92,2021-10-09,8,True
2433,James,Coleman,76,Jeremyshire,VA,91242,Conservative,Retail,Roth IRA,100565.34,2021-05-01,14,False
2434,Kayla,Robinson,48,Riceland,IL,65299,Balanced,Retail,IRA,486212.96,2022-12-11,22,True
2435,Rebekah,Gonzalez,39,South Cindy,TX,46515,Balanced,Retail,Trust,241189.38,2020-09-02,11,True
2436,April,Myers,50,New Deannashire,NY,95692,Balanced,UHNW,Trust,34727578.69,01/18/2020,23,True
2437,Todd,Sanchez,58,Lake Nathaniel,WA,81158,,Retail,Trust,107626.04,2017-10-25,20,True
2438,Patricia,Hopkins,43,East Eddie,FL,20263,Balanced,Retail,Taxable,235401.31,02/13/2020,10,True
2439,Kelli,Ramos,41,New Carrie,NJ,23347,Moderately Aggressive,Retail,Trust,170565.74,2015-01-05,2,True
2440,Michael,Wells,48,Port Michael,PA,17435,Moderately Aggressive,HNW,Roth IRA,3030157.9,2016-10-24,22,True
2441,Ronald,Hunter,53,South Randyton,PA,72751,Conservative,HNW,Trust,1929282.61,2022-10-22,14,True
2442,Brandon,Lopez,31,Frenchville,NY,66779,Balanced,Retail,Roth IRA,229405.78,2021-06-15,16,True
2443,Maria,Gonzalez,49,North Alexisville,TX,20944,Balanced,HNW,Taxable,3776840.81,2018-03-03,10,True
2444,Michael,Bruce,42,New Erica,DE,83354,Moderately Aggressive,Retail,529,251436.36,2022-09-10,6,yes
2445,Janice,Stuart,77,Wadechester,TX,93228,Moderately Conservative,Retail,Taxable,291205.89,2021-02-03,20,True
2446,Amanda,Scott,36,Mendozamouth,PA,58515,Conservative,HNW,529,3248381.3,2021-01-10,18,True
2447,David,Clark,74,Lake Toni,NJ,19065,Moderately Aggressive,HNW,Taxable,589639.62,2022-08-13,13,True
2448,Samantha,Romero,73,Port Catherineview,PA,20681,Moderately Aggressive,Retail,Roth IRA,90613.72,2017-10-07,12,True
2449,Veronica,Hodge,63,Lake Lisa,DE,90328,Balanced,HNW,Taxable,3950789.23,2020-01-19,21,True
2450,Jack,Navarro,41,Richardfurt,NY,24492,Moderately Conservative,HNW,Roth IRA,721468.44,2021-07-26,18,True
2451,Christine,Kaiser,38,West Diana,NJ,51568,Aggressive,Retail,529,139297.92,2016-12-08,13,True
2452,Penny,Tyler,42,Linbury,PA,9239,Balanced,Retail,Roth IRA,436875.28,2021-11-02,6,True
2453,Danny,Brown,49,Suttonfort,NY,36647,Moderately Conservative,Retail,Trust,459794.2,2015-11-02,7,True
2454,Joel,Washington,43,Jermaineside,WA,40463,Moderately Conservative,Retail,Taxable,298828.03,2021-03-05,2,False
2455,Denise,Nguyen,76,Lake Charlesfurt,OH,23375,Moderately Conservative,Retail,529,430466.88,2018-03-18,4,True
2456,Brian,Mueller,78,Perezfort,CT,86595,Balanced,HNW,Trust,2756746.94,2017-12-03,2,True
2457,Bryan,Cross,47,Williamsmouth,CT,33456,Moderately Conservative,Retail,Taxable,120625.48,2019-07-20,8,True
2458,Lauren,Zuniga,72,West Christopherview,NY,9940,Moderately Aggressive,Retail,IRA,334199.98,2015-08-15,2,0
2459,Katie,Nunez,35,Ronnietown,FL,75156,Balanced,Retail,Trust,172606.21,2022-06-19,21,True
2460,Christopher,Le,80,New Manuel,AZ,72213,Moderately Conservative,Retail,Roth IRA,230337.92,2018-12-21,3,True
2461,Linda,Brown,60,Port Derrickview,MD,22616,Aggressive,HNW,Trust,844371.87,2018-06-23,1,True
2462,Eric,Smith,62,Davisland,FL,20118,Balanced,Retail,529,56633.8,2017-06-17,5,0
2463,Shelley,Duncan,65,Bullockfurt,NY,61155,Moderately Conservative,HNW,Trust,930005.03,2019-04-03,7,True
2464,Deborah,Sullivan,47,Lewisburgh,Pennsylvania,56385,Moderately Aggressive,Retail,Roth IRA,424162.27,2018-12-03,14,True
2465,Timothy,Miller,29,East Samuel,FL,51540,Moderately Aggressive,HNW,Roth IRA,2805600.34,2020-05-25,9,True
2466,Anthony,Haley,34,Wongchester,NY,46692,,HNW,Roth IRA,2565075.37,2016-11-23,21,True
2467,Dana,Clark,52,Jamesland,Florida,83071,Balanced,Retail,Roth IRA,309290.53,2021-02-27,14,True
2468,Mark,Lopez,54,Hunterville,NY,19471,Conservative,Retail,529,91878.08,2015-05-14,9,False
2469,David,Jones,72,Port Michaelfurt,Georgia,36190,Balanced,HNW,529,2675072.84,2022-12-11,17,True
2470,Anna,Bryant,29,Timothyton,CA,657,Aggressive,Retail,Trust,160076.32,2016-02-14,24,True
2471,Tammy,Marshall,51,Kylechester,WA,65566,Balanced,HNW,529,2271403.32,2018-03-17,23,False
2472,Ashley,Watkins,42,Nicoleland,AZ,55523,Moderately Aggressive,Retail,529,98736.93,2021-07-12,1,True
2473,Paul,Bailey,42,West Michaelaton,VA,3522,,UHNW,Trust,22880687.82,2018-04-02,12,True
2474,Michael,Hale,34,Gonzalezshire,MD,97378,Moderately Aggressive,Retail,Roth IRA,264562.84,2018-02-01,11,True
2475,Joseph,Simmons,68,South Scott,PA,14907,Balanced,Retail,Taxable,114697.07,2022-01-22,4,True
2476,Ariana,Howard,41,Walkerborough,AZ,6995,Balanced,HNW,Trust,3023984.4,2020-07-22,19,0
2477,Brittney,Ball,37,West Michael,OH,21670,Balanced,UHNW,Trust,16248607.63,2019-03-26,20,True
2478,Steven,Craig,61,Evansland,CA,41659,Moderately Conservative,UHNW,529,42713167.83,2019-11-29,25,yes
2479,Sabrina,Oliver,77,Cherylstad,NY,37423,Balanced,Retail,Trust,154593.39,2018-04-24,9,True
2480,Ryan,Evans,75,Karenport,PA,98192,Balanced,Retail,Roth IRA,235336.36,2016-10-08,5,True
2481,Jenna,Floyd,72,Cherylfurt,NY,75131,,UHNW,529,6642936.95,2022-06-03,20,False
2482,Brianna,Mullins,28,Port Janice,CA,34380,Moderately Aggressive,Retail,Roth IRA,232940.43,2017-03-16,23,True
2483,Shannon,Perez,63,Natalieview,MA,2752,Conservative,HNW,Trust,1441508.8,2019-03-16,18,True
2484,Erica,Sandoval,69,East Jeffrey,NY,78268,Balanced,Retail,IRA,274916.96,2017-08-16,11,True
2485,Robert,Jacobs,58,Cummingsborough,Colorado,75948,Moderately Conservative,Retail,529,257617.41,2020-05-08,18,True
2486,Amanda,Townsend,74,Coryburgh,North Carolina,14081,Balanced,Retail,Taxable,436393.81,2022-09-26,4,True
2487,Whitney,Wolf,32,Andersonburgh,MA,15593,Aggressive,Retail,Trust,241565.91,2021-11-18,5,True
2488,Kathleen,Mendoza,38,Rachelhaven,TX,46080,Moderately Aggressive,Retail,529,390599.02,2016-07-16,24,True
2489,Crystal,Mueller,40,Matthewshire,FL,17790,Balanced,UHNW,Trust,10466495.92,2021-11-14,4,True
2490,David,Sanchez,55,West Joshuachester,OH,40397,Conservative,UHNW,Trust,6757787.65,2018-01-19,6,True
2491,Caleb,Cummings,61,New Brian,NY,4090,Moderately Aggressive,Retail,Trust,331774.21,2016-02-18,5,True
2492,Jo,Kelly,63,Port Danny,MI,96686,Moderately Conservative,HNW,Trust,3870470.45,2021-11-28,13,True
2493,Mathew,Long,35,Allisonfurt,NY,25445,Moderately Aggressive,HNW,Trust,541663.37,2017-08-24,10,True
2494,Matthew,Byrd,71,Maynardside,NC,56893,Moderately Conservative,HNW,Roth IRA,3739743.47,2022-10-06,17,True
2495,Christian,Berry,51,North Jose,NJ,47751,Conservative,HNW,529,1950737.64,2019-06-02,21,True
2496,Jaime,Dominguez,46,Hughesland,GA,10000,,Retail,529,124675.55,2016-10-12,22,True
2497,Amber,Watson,67,West Pamela,DE,25469,Moderately Aggressive,HNW,Roth IRA,1420078.29,2021-08-17,17,True
2498,Eric,Lambert,58,North Michaela,TX,26047,Conservative,Retail,Trust,322033.0,2017-06-24,7,True
2499,Kelly,Baker,75,Lake Daniel,NY,39987,Balanced,HNW,IRA,4712911.24,2016-11-08,6,True
2500,Shannon,Riley,58,Harringtonside,NJ,4173,Moderately Conservative,HNW,Taxable,2859703.04,2015-04-06,11,True
2501,Karina,Taylo,45,Port Patrick,VA,73097,Moderately Aggressive,Retail,Taxable,117194.33,2018-12-04,1,True
2502,Darren,Marti,58,Lake Tiffany,NJ,79826,Conservative,Retail,Roth IRA,349792.17,2019-07-02,4,True
2503,Terri,Jacobso,28,East Jasonshire,NY,62825,Moderately Aggressive,Retail,Roth IRA,358583.01,2017-03-02,14,True
2504,Andrea,Collin,60,Bradleyland,PA,43404,Moderately Conservative,Retail,529,368825.08,2017-09-20,9,True
2505,Jennifer,Taylo,74,New Jessicaville,NJ,68915,Balanced,HNW,529,860283.98,2020-04-24,25,True
2506,Michele,Scot,56,North Melissa,CO,76946,Balanced,HNW,Roth IRA,1979786.13,06/03/2017,3,True
2507,Garrett,Bank,75,Josechester,CT,44740,Moderately Aggressive,Retail,IRA,148161.41,2015-04-29,24,True
2508,Todd,Coope,54,North Corymouth,NJ,2635,Conservative,Retail,Taxable,384129.9,2015-12-29,9,True
2509,Julia,Clar,59,Lake Peter,TX,53314,Conservative,Retail,Roth IRA,215380.37,2015-04-05,9,True
2510,Pedro,Carpente,48,Lake Debramouth,PA,6088,,Retail,Roth IRA,374697.97,2022-04-06,1,True
2511,Catherine,Lope,33,Jessicashire,PA,8531,Moderately Conservative,UHNW,Taxable,10400017.35,2018-07-16,16,True
2512,Ricardo,Leen,54,East Gloria,NY,94531,Conservative,Retail,Taxable,279793.21,2017-04-01,15,True
2513,Laura,Frazie,36,Robbinsstad,MI,12204,Moderately Aggressive,UHNW,IRA,25212613.34,2019-08-30,21,True
2514,Benjamin,Armstron,33,Jamesborough,FL,70775,Aggressive,Retail,IRA,142838.38,2015-02-09,13,True
2515,Matthew,Pacen,67,South Zacharyshire,PA,25729,Balanced,Retail,Taxable,214515.89,2015-11-12,12,False
2516,Jeffrey,Heste,64,Wisemouth,GA,48974,Moderately Conservative,Retail,IRA,357072.62,2018-10-24,3,True
2517,Kerri,Edward,67,Shafferbury,Florida,55927,Moderately Aggressive,Retail,Taxable,285510.56,2016-09-28,8,True
2518,Jill,Kell,36,South Jennifer,NY,48595,Conservative,Retail,Trust,114955.78,2021-03-28,23,True
2519,Matthew,Cervante,52,Muellerchester,Florida,74846,Moderately Conservative,Retail,Taxable,331606.56,2021-04-18,18,True
2520,Olivia,Lewi,42,South Ashleybury,FL,86718,Moderately Aggressive,HNW,IRA,2192940.76,2021-02-28,9,True
2521,Laura,Gutierre,49,Chungland,NJ,28064,Moderately Aggressive,Retail,Trust,68197.14,2020-06-30,22,True
2522,Stephanie,Randolp,41,Micheleside,MD,61253,Balanced,Retail,IRA,450075.74,2018-05-23,24,True
2523,Emma,Marti,42,North Gregory,NC,39050,Moderately Aggressive,HNW,IRA,3554820.6,2016-06-12,24,True
2524,Nancy,Thompso,65,West David,PA,8996,Moderately Aggressive,Retail,529,155175.44,2022-02-25,25,True
2525,Robert,Hernande,72,North Larryborough,IL,26619,Balanced,Retail,Trust,151532.6,2020-07-20,3,True
1954,Hannah,N3Lson,49,Julietown,WA,8754,Moderately Conservative,HNW,Roth IRA,4034083.36,2019-07-15,12,True
749,Samantha,G@Rcia,70,Lake Jose,AZ,9199,Moderately Conservative,HNW,Roth IRA,3077869.98,2017-10-24,24,True
195,Jesus,H@Rding,40,Port Kayla,GA,14784,,Retail,Roth IRA,399266.04,2016-03-29,15,True
963,Karen,P3Rez,48,Matthewborough,MA,71189,Balanced,HNW,Trust,763296.77,2015-06-07,23,True
1326,Catherine,Hopk!Ns,65,Stewartborough,FL,75899,,HNW,Trust,4275128.48,2017-05-06,3,True
171,Carlos,B@Ker,63,North Stacyfurt,MN,66903,Moderately Conservative,Retail,Roth IRA,429383.49,2017-04-16,23,True
1653,Jose,Ju@Rez,70,Carsonborough,NY,11839,Balanced,HNW,Taxable,1266948.56,2019-06-09,4,True
648,Rachael,G0Rdon,58,Ramirezland,NJ,49366,Moderately Conservative,UHNW,IRA,34054349.93,2017-10-05,21,False
2038,William,K@Iser,41,Port Keithshire,PA,24327,Moderately Aggressive,HNW,Taxable,4769151.37,2022-06-24,3,True
1138,Misty,J0Hnson,48,East Faith,New Jersey,10823,Conservative,UHNW,Trust,26099672.36,2022-01-29,22,True
2486,Amanda,Towns3Nd,74,Coryburgh,North Carolina,14081,Balanced,Retail,Taxable,436393.81,2022-09-26,4,True
2026,Robert,D@Vis,78,Lake Julieport,NY,17547,Conservative,HNW,Trust,4273178.79,2019-02-26,22,0
531,Crystal,V@Squez,43,New Jesse,PA,38575,Balanced,Retail,Taxable,285911.5,2022-10-31,9,True
1456,John,P3Tersen,61,Williamsmouth,NY,49364,,HNW,Trust,3706190.93,2015-04-22,23,True
2107,Matthew,J@Ckson,32,South Sophia,FL,29553,Moderately Aggressive,HNW,Roth IRA,4762151.87,2021-12-11,11,True
252,Robert,Br3Wer,67,South Jason,CT,53869,Moderately Aggressive,Retail,Roth IRA,252790.69,2020-12-04,23,True
2499,Kelly,B@Ker,75,Lake Daniel,NY,39987,Balanced,HNW,IRA,4712911.24,2016-11-08,6,True
1331,Devin,Gr3En,62,Matthewville,NJ,11184,Balanced,UHNW,IRA,49090375.11,2018-04-08,10,True
2468,Mark,Lop3Z,54,Hunterville,NY,19471,Conservative,Retail,529,91878.08,2015-05-14,9,False
322,Ashley,Contrer@S,41,Craigside,NY,37978,Conservative,Retail,Trust,228854.37,2022-01-07,18,True
